{"type":"FeatureCollection", "features": [
{"type":"Feature","geometry":{"type":"Polygon","coordinates":[[[33.955,44.505],[34.185,44.565],[34.2,44.715],[33.96,44.885],[33.605,44.95],[33.82,44.6],[33.955,44.505]]]},"properties":{"shapeName":"Bakhchysarai","shapeID":"74538382B84610439401970","shapeType":"ADM2"}},
{"type":"Feature","geometry":{"type":"Polygon","coordinates":[[[34.2,44.715],[34.61,44.87],[34.29,44.915],[34.095,45.225],[33.825,45.24],[33.6,45.025],[33.605,44.95],[33.96,44.885],[34.2,44.715]]]},"properties":{"shapeName":"Simferopol","shapeID":"74538382B84040377374615","shapeType":"ADM2"}},
{"type":"Feature","geometry":{"type":"Polygon","coordinates":[[[34.61,44.87],[34.68,44.875],[34.885,45.015],[34.85,45.115],[34.735,45.195],[34.57,45.205],[34.095,45.225],[34.29,44.915],[34.61,44.87]]]},"properties":{"shapeName":"Bilohirsk","shapeID":"74538382B31597126471541","shapeType":"ADM2"}},
{"type":"Feature","geometry":{"type":"Polygon","coordinates":[[[34.885,45.015],[35.1,44.945],[35.375,45.155],[35.455,45.24],[35.13,45.325],[35.12,45.18],[34.85,45.115],[34.885,45.015]]]},"properties":{"shapeName":"Kirovske","shapeID":"74538382B85800934600856","shapeType":"ADM2"}},
{"type":"Feature","geometry":{"type":"Polygon","coordinates":[[[35.375,45.155],[35.775,45.1],[35.83,45.02],[36.43,45.075],[36.44,45.44],[36.095,45.455],[35.455,45.24],[35.375,45.155]]]},"properties":{"shapeName":"Lenine","shapeID":"74538382B91806639169097","shapeType":"ADM2"}},
{"type":"Feature","geometry":{"type":"Polygon","coordinates":[[[33.365,45.525],[33.115,45.69],[32.63,45.41],[32.965,45.33],[33.365,45.525]]]},"properties":{"shapeName":"Chornomorske","shapeID":"74538382B17328028725822","shapeType":"ADM2"}},
{"type":"Feature","geometry":{"type":"Polygon","coordinates":[[[34.85,45.115],[35.12,45.18],[35.13,45.325],[35.05,45.515],[34.735,45.34],[34.735,45.195],[34.85,45.115]]]},"properties":{"shapeName":"Sovietsky","shapeID":"74538382B10810755627981","shapeType":"ADM2"}},
{"type":"Feature","geometry":{"type":"Polygon","coordinates":[[[34.735,45.195],[34.735,45.34],[35.05,45.515],[34.86,45.71],[34.51,45.495],[34.57,45.205],[34.735,45.195]]]},"properties":{"shapeName":"Nyzhniohirskyi","shapeID":"74538382B80563569865238","shapeType":"ADM2"}},
{"type":"Feature","geometry":{"type":"Polygon","coordinates":[[[34.095,45.225],[34.57,45.205],[34.51,45.495],[34.075,45.58],[33.955,45.42],[33.7,45.36],[33.825,45.24],[34.095,45.225]]]},"properties":{"shapeName":"Krasnohvardiiske","shapeID":"74538382B73102854459711","shapeType":"ADM2"}},
{"type":"Feature","geometry":{"type":"Polygon","coordinates":[[[33.365,45.525],[33.615,45.43],[33.53,45.55],[33.67,45.765],[33.59,45.855],[33.43,45.865],[33.115,45.69],[33.365,45.525]]]},"properties":{"shapeName":"Rozdolne","shapeID":"74538382B24072865224387","shapeType":"ADM2"}},
{"type":"Feature","geometry":{"type":"Polygon","coordinates":[[[34.86,45.71],[34.665,45.87],[34.14,45.93],[34.055,46.05],[34.005,45.755],[34.075,45.58],[34.51,45.495],[34.86,45.71]]]},"properties":{"shapeName":"Dzhankoy","shapeID":"74538382B78065593112494","shapeType":"ADM2"}},
{"type":"Feature","geometry":{"type":"Polygon","coordinates":[[[34.075,45.58],[34.005,45.755],[33.67,45.765],[33.53,45.55],[33.615,45.43],[33.7,45.36],[33.955,45.42],[34.075,45.58]]]},"properties":{"shapeName":"Pervomaiske","shapeID":"74538382B62014959099240","shapeType":"ADM2"}},
{"type":"Feature","geometry":{"type":"Polygon","coordinates":[[[33.67,45.765],[34.005,45.755],[34.055,46.05],[33.69,46.17],[33.63,46.18],[33.585,46.11],[33.59,45.855],[33.67,45.765]]]},"properties":{"shapeName":"Krasnoperekopsk","shapeID":"74538382B12626856106214","shapeType":"ADM2"}},
{"type":"Feature","geometry":{"type":"Polygon","coordinates":[[[33.63,46.18],[33.685,46.26],[33.25,46.385],[33.14,46.37],[33.185,46.16],[33.45,46.02],[33.585,46.11],[33.63,46.18]]]},"properties":{"shapeName":"Kalanchak","shapeID":"74538382B36897928857836","shapeType":"ADM2"}},
{"type":"Feature","geometry":{"type":"Polygon","coordinates":[[[33.14,46.37],[32.845,46.38],[32.43,46.105],[33.185,46.16],[33.14,46.37]]]},"properties":{"shapeName":"Skadovsk","shapeID":"74538382B43795583594371","shapeType":"ADM2"}},
{"type":"Feature","geometry":{"type":"Polygon","coordinates":[[[32.845,46.38],[32.63,46.62],[32.44,46.54],[32.365,46.455],[31.925,46.435],[31.975,46.33],[32.43,46.105],[32.845,46.38]]]},"properties":{"shapeName":"Holo Prystan","shapeID":"74538382B87705908812983","shapeType":"ADM2"}},
{"type":"Feature","geometry":{"type":"Polygon","coordinates":[[[33.25,46.385],[33.45,46.57],[33.17,46.69],[33.305,46.815],[33.06,46.79],[32.63,46.62],[32.845,46.38],[33.14,46.37],[33.25,46.385]]]},"properties":{"shapeName":"Oleshky","shapeID":"74538382B21297633796285","shapeType":"ADM2"}},
{"type":"Feature","geometry":{"type":"Polygon","coordinates":[[[33.685,46.26],[33.69,46.17],[34.16,46.185],[34.145,46.48],[33.985,46.565],[33.45,46.57],[33.25,46.385],[33.685,46.26]]]},"properties":{"shapeName":"Chaplynka","shapeID":"74538382B62779126534418","shapeType":"ADM2"}},
{"type":"Feature","geometry":{"type":"Polygon","coordinates":[[[33.45,46.57],[33.985,46.565],[34.16,46.735],[34,46.835],[33.62,46.895],[33.305,46.815],[33.17,46.69],[33.45,46.57]]]},"properties":{"shapeName":"Kakhovka","shapeID":"74538382B61089393980714","shapeType":"ADM2"}},
{"type":"Feature","geometry":{"type":"Polygon","coordinates":[[[34.16,46.185],[34.465,46.195],[34.71,46.39],[34.555,46.525],[34.225,46.735],[34.16,46.735],[33.985,46.565],[34.145,46.48],[34.16,46.185]]]},"properties":{"shapeName":"Novotroitske","shapeID":"74538382B42205538030067","shapeType":"ADM2"}},
{"type":"Feature","geometry":{"type":"Polygon","coordinates":[[[34.465,46.195],[35.05,46.245],[35.125,46.405],[34.77,46.57],[34.555,46.525],[34.71,46.39],[34.465,46.195]]]},"properties":{"shapeName":"Henichesk","shapeID":"74538382B33781793273381","shapeType":"ADM2"}},
{"type":"Feature","geometry":{"type":"Polygon","coordinates":[[[34.555,46.525],[34.77,46.57],[34.795,46.825],[34.225,46.735],[34.555,46.525]]]},"properties":{"shapeName":"Ivanivka","shapeID":"74538382B92774727366654","shapeType":"ADM2"}},
{"type":"Feature","geometry":{"type":"Polygon","coordinates":[[[35.125,46.405],[35.32,46.425],[35.3,46.725],[34.94,46.815],[34.795,46.825],[34.77,46.57],[35.125,46.405]]]},"properties":{"shapeName":"Yakymivka","shapeID":"74538382B57790499946350","shapeType":"ADM2"}},
{"type":"Feature","geometry":{"type":"Polygon","coordinates":[[[34.16,46.735],[34.225,46.735],[34.795,46.825],[34.545,47.085],[34.485,47.06],[34.185,46.945],[34,46.835],[34.16,46.735]]]},"properties":{"shapeName":"Nyzhni Sirohozy","shapeID":"74538382B32095344223749","shapeType":"ADM2"}},
{"type":"Feature","geometry":{"type":"Polygon","coordinates":[[[32.63,46.62],[33.06,46.79],[32.815,46.86],[32.43,46.85],[32.07,46.675],[32.44,46.54],[32.63,46.62]]]},"properties":{"shapeName":"Bilozerka","shapeID":"74538382B72369548204787","shapeType":"ADM2"}},
{"type":"Feature","geometry":{"type":"Polygon","coordinates":[[[33.305,46.815],[33.62,46.895],[33.84,47.1],[33.74,47.155],[33.35,47.005],[33.055,47.035],[32.815,46.86],[33.06,46.79],[33.305,46.815]]]},"properties":{"shapeName":"Beryslav","shapeID":"74538382B60808123109786","shapeType":"ADM2"}},
{"type":"Feature","geometry":{"type":"Polygon","coordinates":[[[34,46.835],[34.185,46.945],[33.84,47.1],[33.62,46.895],[34,46.835]]]},"properties":{"shapeName":"Hornostaivka","shapeID":"74538382B65177906747126","shapeType":"ADM2"}},
{"type":"Feature","geometry":{"type":"Polygon","coordinates":[[[35.32,46.425],[35.565,46.46],[35.855,46.635],[35.91,46.91],[35.82,46.99],[35.655,46.945],[35.3,46.725],[35.32,46.425]]]},"properties":{"shapeName":"Pryazovske","shapeID":"74538382B73890092439247","shapeType":"ADM2"}},
{"type":"Feature","geometry":{"type":"Polygon","coordinates":[[[33.74,47.155],[33.51,47.31],[33.13,47.415],[33.195,47.215],[32.975,47.155],[33.055,47.035],[33.35,47.005],[33.74,47.155]]]},"properties":{"shapeName":"Velyka Oleksandrivka","shapeID":"74538382B19608093506995","shapeType":"ADM2"}},
{"type":"Feature","geometry":{"type":"Polygon","coordinates":[[[34.485,47.06],[33.985,47.24],[33.84,47.1],[34.185,46.945],[34.485,47.06]]]},"properties":{"shapeName":"Velyka Lepetkya","shapeID":"74538382B83290488809947","shapeType":"ADM2"}},
{"type":"Feature","geometry":{"type":"Polygon","coordinates":[[[34.485,47.06],[34.545,47.085],[34.54,47.17],[34.465,47.32],[34.115,47.46],[33.985,47.24],[34.485,47.06]]]},"properties":{"shapeName":"Verkhniy Rohackyk","shapeID":"74538382B88832969225176","shapeType":"ADM2"}},
{"type":"Feature","geometry":{"type":"Polygon","coordinates":[[[33.84,47.1],[33.985,47.24],[34.115,47.46],[34.05,47.48],[33.645,47.51],[33.51,47.31],[33.74,47.155],[33.84,47.1]]]},"properties":{"shapeName":"Novovorontsovka","shapeID":"74538382B85739457006484","shapeType":"ADM2"}},
{"type":"Feature","geometry":{"type":"Polygon","coordinates":[[[33.51,47.31],[33.645,47.51],[33.57,47.59],[33.36,47.5],[33.11,47.565],[33.14,47.485],[33.13,47.415],[33.51,47.31]]]},"properties":{"shapeName":"Vysokopillia","shapeID":"74538382B44474254323889","shapeType":"ADM2"}},
{"type":"Feature","geometry":{"type":"Polygon","coordinates":[[[32.815,46.86],[33.055,47.035],[32.975,47.155],[32.695,47.19],[32.58,47.14],[32.43,46.85],[32.815,46.86]]]},"properties":{"shapeName":"Snihurivka","shapeID":"74538382B23953232699474","shapeType":"ADM2"}},
{"type":"Feature","geometry":{"type":"Polygon","coordinates":[[[32.43,46.85],[32.58,47.14],[32.285,47.17],[31.92,47.02],[31.945,46.84],[32.005,46.7],[32.07,46.675],[32.43,46.85]]]},"properties":{"shapeName":"Vitovka","shapeID":"74538382B2161330582129","shapeType":"ADM2"}},
{"type":"Feature","geometry":{"type":"Polygon","coordinates":[[[33.13,47.415],[33.14,47.485],[32.87,47.52],[32.755,47.485],[32.695,47.19],[32.975,47.155],[33.195,47.215],[33.13,47.415]]]},"properties":{"shapeName":"Bereznehuvate","shapeID":"74538382B30589256184120","shapeType":"ADM2"}},
{"type":"Feature","geometry":{"type":"Polygon","coordinates":[[[31.945,46.84],[31.63,46.84],[31.57,46.585],[32.005,46.7],[31.945,46.84]]]},"properties":{"shapeName":"Ochakiv","shapeID":"74538382B72550121130033","shapeType":"ADM2"}},
{"type":"Feature","geometry":{"type":"Polygon","coordinates":[[[31.92,47.02],[31.71,47.34],[31.43,47.055],[31.665,46.99],[31.63,46.84],[31.945,46.84],[31.92,47.02]]]},"properties":{"shapeName":"Mykolaiv","shapeID":"74538382B8424812087391","shapeType":"ADM2"}},
{"type":"Feature","geometry":{"type":"Polygon","coordinates":[[[32.285,47.17],[32.155,47.285],[32.2,47.575],[31.975,47.555],[31.67,47.4],[31.71,47.34],[31.92,47.02],[32.285,47.17]]]},"properties":{"shapeName":"Nova Odesa","shapeID":"74538382B84492064754997","shapeType":"ADM2"}},
{"type":"Feature","geometry":{"type":"Polygon","coordinates":[[[32.695,47.19],[32.755,47.485],[32.53,47.445],[32.43,47.605],[32.2,47.575],[32.155,47.285],[32.285,47.17],[32.58,47.14],[32.695,47.19]]]},"properties":{"shapeName":"Bashtanka","shapeID":"74538382B39145583667330","shapeType":"ADM2"}},
{"type":"Feature","geometry":{"type":"Polygon","coordinates":[[[31.43,47.055],[31.305,46.99],[31.145,46.97],[31.305,46.765],[31.21,46.555],[31.63,46.84],[31.665,46.99],[31.43,47.055]]]},"properties":{"shapeName":"Berezanka","shapeID":"74538382B1113173119948","shapeType":"ADM2"}},
{"type":"Feature","geometry":{"type":"Polygon","coordinates":[[[31.71,47.34],[31.67,47.4],[31.575,47.445],[31.285,47.485],[30.83,47.385],[30.775,47.355],[31.34,47.18],[31.305,46.99],[31.43,47.055],[31.71,47.34]]]},"properties":{"shapeName":"Veselynove","shapeID":"74538382B16168555985033","shapeType":"ADM2"}},
{"type":"Feature","geometry":{"type":"Polygon","coordinates":[[[33.11,47.565],[33.04,47.905],[33.02,47.995],[32.905,48.01],[32.635,47.84],[32.81,47.81],[32.87,47.52],[33.14,47.485],[33.11,47.565]]]},"properties":{"shapeName":"Kazanka","shapeID":"74538382B29888444022224","shapeType":"ADM2"}},
{"type":"Feature","geometry":{"type":"Polygon","coordinates":[[[32.87,47.52],[32.81,47.81],[32.635,47.84],[32.48,47.83],[32.275,47.815],[32.43,47.605],[32.53,47.445],[32.755,47.485],[32.87,47.52]]]},"properties":{"shapeName":"Novyi Buh","shapeID":"74538382B79754688878625","shapeType":"ADM2"}},
{"type":"Feature","geometry":{"type":"Polygon","coordinates":[[[32.2,47.575],[32.43,47.605],[32.275,47.815],[31.9,47.8],[31.745,47.72],[31.975,47.555],[32.2,47.575]]]},"properties":{"shapeName":"Yelanets","shapeID":"74538382B14537158586651","shapeType":"ADM2"}},
{"type":"Feature","geometry":{"type":"Polygon","coordinates":[[[31.975,47.555],[31.745,47.72],[31.54,47.77],[31.31,47.76],[31.575,47.445],[31.67,47.4],[31.975,47.555]]]},"properties":{"shapeName":"Voznesensk","shapeID":"74538382B59692398614753","shapeType":"ADM2"}},
{"type":"Feature","geometry":{"type":"Polygon","coordinates":[[[31.9,47.8],[31.86,48.025],[31.54,48.11],[31.54,47.77],[31.745,47.72],[31.9,47.8]]]},"properties":{"shapeName":"Bratske","shapeID":"74538382B69774355156403","shapeType":"ADM2"}},
{"type":"Feature","geometry":{"type":"Polygon","coordinates":[[[31.54,47.77],[31.54,48.11],[31.535,48.11],[31.26,48.17],[31.2,47.86],[31.31,47.76],[31.54,47.77]]]},"properties":{"shapeName":"Arbuzynka","shapeID":"74538382B18710182758525","shapeType":"ADM2"}},
{"type":"Feature","geometry":{"type":"Polygon","coordinates":[[[31.575,47.445],[31.31,47.76],[31.2,47.86],[30.91,47.815],[30.83,47.615],[30.83,47.385],[31.285,47.485],[31.575,47.445]]]},"properties":{"shapeName":"Domanivka","shapeID":"74538382B97324557643268","shapeType":"ADM2"}},
{"type":"Feature","geometry":{"type":"Polygon","coordinates":[[[31.26,48.17],[31.225,48.23],[30.725,48.16],[30.64,48.155],[30.675,47.9],[30.91,47.815],[31.2,47.86],[31.26,48.17]]]},"properties":{"shapeName":"Pervomaisk","shapeID":"74538382B15723930579981","shapeType":"ADM2"}},
{"type":"Feature","geometry":{"type":"Polygon","coordinates":[[[30.64,48.155],[30.395,48.155],[30.37,48.12],[30.235,48.015],[30.49,47.82],[30.675,47.9],[30.64,48.155]]]},"properties":{"shapeName":"Kryve Ozero","shapeID":"74538382B94391556881320","shapeType":"ADM2"}},
{"type":"Feature","geometry":{"type":"Polygon","coordinates":[[[30.91,47.815],[30.675,47.9],[30.49,47.82],[30.435,47.635],[30.83,47.615],[30.91,47.815]]]},"properties":{"shapeName":"Vradiivka","shapeID":"74538382B28831490249541","shapeType":"ADM2"}},
{"type":"Feature","geometry":{"type":"Polygon","coordinates":[[[30.37,48.12],[30.215,48.155],[29.835,48.16],[29.935,48],[30.235,48.015],[30.37,48.12]]]},"properties":{"shapeName":"Savran","shapeID":"74538382B34306237745090","shapeType":"ADM2"}},
{"type":"Feature","geometry":{"type":"Polygon","coordinates":[[[29.835,48.16],[29.8,48.17],[29.71,48.12],[29.4,48.09],[29.365,47.94],[29.715,47.85],[29.905,47.9],[29.935,48],[29.835,48.16]]]},"properties":{"shapeName":"Balta","shapeID":"74538382B90572707310825","shapeType":"ADM2"}},
{"type":"Feature","geometry":{"type":"Polygon","coordinates":[[[29.4,48.09],[29.06,48.145],[28.95,47.98],[29.255,47.9],[29.365,47.94],[29.4,48.09]]]},"properties":{"shapeName":"Kodyma","shapeID":"74538382B72647920433352","shapeType":"ADM2"}},
{"type":"Feature","geometry":{"type":"Polygon","coordinates":[[[30.235,48.015],[29.935,48],[29.905,47.9],[30.225,47.77],[30.255,47.59],[30.435,47.635],[30.49,47.82],[30.235,48.015]]]},"properties":{"shapeName":"Liubashhivka","shapeID":"74538382B99156650022607","shapeType":"ADM2"}},
{"type":"Feature","geometry":{"type":"Polygon","coordinates":[[[29.365,47.94],[29.255,47.9],[29.25,47.75],[29.75,47.6],[29.805,47.615],[29.715,47.85],[29.365,47.94]]]},"properties":{"shapeName":"Podilsk","shapeID":"74538382B73630411968214","shapeType":"ADM2"}},
{"type":"Feature","geometry":{"type":"Polygon","coordinates":[[[29.715,47.85],[29.805,47.615],[30.025,47.51],[30.255,47.59],[30.225,47.77],[29.905,47.9],[29.715,47.85]]]},"properties":{"shapeName":"Ananiv","shapeID":"74538382B50409761093729","shapeType":"ADM2"}},
{"type":"Feature","geometry":{"type":"Polygon","coordinates":[[[29.25,47.75],[29.17,47.415],[29.55,47.355],[29.75,47.6],[29.25,47.75]]]},"properties":{"shapeName":"Okny","shapeID":"74538382B46561623007945","shapeType":"ADM2"}},
{"type":"Feature","geometry":{"type":"Polygon","coordinates":[[[29.75,47.6],[29.55,47.355],[29.655,47.275],[30.15,47.255],[30.025,47.51],[29.805,47.615],[29.75,47.6]]]},"properties":{"shapeName":"Zakharivka","shapeID":"74538382B64363500151928","shapeType":"ADM2"}},
{"type":"Feature","geometry":{"type":"Polygon","coordinates":[[[30.83,47.615],[30.435,47.635],[30.255,47.59],[30.525,47.31],[30.775,47.355],[30.83,47.385],[30.83,47.615]]]},"properties":{"shapeName":"Mykolaivka","shapeID":"74538382B42144983760497","shapeType":"ADM2"}},
{"type":"Feature","geometry":{"type":"Polygon","coordinates":[[[30.025,47.51],[30.15,47.255],[30.38,47.08],[30.6,47.14],[30.525,47.31],[30.255,47.59],[30.025,47.51]]]},"properties":{"shapeName":"Shyriaieve","shapeID":"74538382B78856367012354","shapeType":"ADM2"}},
{"type":"Feature","geometry":{"type":"Polygon","coordinates":[[[31.305,46.99],[31.34,47.18],[30.775,47.355],[30.525,47.31],[30.6,47.14],[30.97,46.985],[31.145,46.97],[31.305,46.99]]]},"properties":{"shapeName":"Berezivka","shapeID":"74538382B4607226007855","shapeType":"ADM2"}},
{"type":"Feature","geometry":{"type":"Polygon","coordinates":[[[29.655,47.275],[29.55,47.12],[29.725,46.905],[30.11,46.975],[30.38,47.08],[30.15,47.255],[29.655,47.275]]]},"properties":{"shapeName":"Velyks Mykhailivka","shapeID":"74538382B86026417899488","shapeType":"ADM2"}},
{"type":"Feature","geometry":{"type":"Polygon","coordinates":[[[30.38,47.08],[30.11,46.975],[30.575,46.8],[30.74,46.785],[30.97,46.985],[30.6,47.14],[30.38,47.08]]]},"properties":{"shapeName":"Ivanivka","shapeID":"74538382B97286599584108","shapeType":"ADM2"}},
{"type":"Feature","geometry":{"type":"Polygon","coordinates":[[[31.145,46.97],[30.97,46.985],[30.74,46.785],[30.755,46.655],[30.87,46.56],[31.21,46.555],[31.305,46.765],[31.145,46.97]]]},"properties":{"shapeName":"Lyman","shapeID":"74538382B85654458417277","shapeType":"ADM2"}},
{"type":"Feature","geometry":{"type":"Polygon","coordinates":[[[29.725,46.905],[29.95,46.81],[29.955,46.565],[30.22,46.62],[30.575,46.8],[30.11,46.975],[29.725,46.905]]]},"properties":{"shapeName":"Rozdilna","shapeID":"74538382B21863106612225","shapeType":"ADM2"}},
{"type":"Feature","geometry":{"type":"Polygon","coordinates":[[[30.575,46.8],[30.22,46.62],[29.955,46.565],[30.14,46.385],[30.285,46.395],[30.7,46.565],[30.755,46.655],[30.74,46.785],[30.575,46.8]]]},"properties":{"shapeName":"Biliaivka","shapeID":"74538382B26202854770966","shapeType":"ADM2"}},
{"type":"Feature","geometry":{"type":"Polygon","coordinates":[[[30.755,46.655],[30.7,46.565],[30.285,46.395],[30.305,46.37],[30.58,46.095],[30.87,46.56],[30.755,46.655]]]},"properties":{"shapeName":"Ovidiopol","shapeID":"74538382B54958880930265","shapeType":"ADM2"}},
{"type":"Feature","geometry":{"type":"Polygon","coordinates":[[[30.14,46.385],[29.715,46.37],[30.15,46.09],[30.155,45.975],[30.305,45.86],[30.45,45.98],[30.275,46.205],[30.305,46.37],[30.285,46.395],[30.14,46.385]]]},"properties":{"shapeName":"Bilhorod Dnistrovskyi","shapeID":"74538382B97641778556925","shapeType":"ADM2"}},
{"type":"Feature","geometry":{"type":"Polygon","coordinates":[[[29.715,46.37],[29.585,46.42],[29.535,46.145],[29.625,45.975],[30.155,45.975],[30.15,46.09],[29.715,46.37]]]},"properties":{"shapeName":"Sarata","shapeID":"74538382B34887074672752","shapeType":"ADM2"}},
{"type":"Feature","geometry":{"type":"Polygon","coordinates":[[[29.585,46.42],[29.38,46.4],[29.2,46.56],[28.95,46.385],[29.06,46.05],[28.9,45.995],[29,45.91],[29.36,46.125],[29.535,46.145],[29.585,46.42]]]},"properties":{"shapeName":"Tarutyne","shapeID":"74538382B4443211725898","shapeType":"ADM2"}},
{"type":"Feature","geometry":{"type":"Polygon","coordinates":[[[29.535,46.145],[29.36,46.125],[29,45.91],[29.085,45.645],[29.315,45.645],[29.445,45.75],[29.315,45.905],[29.625,45.975],[29.535,46.145]]]},"properties":{"shapeName":"Artsyi","shapeID":"74538382B21342332427534","shapeType":"ADM2"}},
{"type":"Feature","geometry":{"type":"Polygon","coordinates":[[[30.155,45.975],[29.625,45.975],[29.315,45.905],[29.445,45.75],[29.315,45.645],[29.62,45.575],[30.305,45.86],[30.155,45.975]]]},"properties":{"shapeName":"Tatarbunary","shapeID":"74538382B88986400051477","shapeType":"ADM2"}},
{"type":"Feature","geometry":{"type":"Polygon","coordinates":[[[28.9,45.995],[28.795,45.785],[28.61,45.67],[28.62,45.51],[28.72,45.43],[29.055,45.64],[29.085,45.645],[29,45.91],[28.9,45.995]]]},"properties":{"shapeName":"Bolhrad","shapeID":"74538382B92147387256537","shapeType":"ADM2"}},
{"type":"Feature","geometry":{"type":"Polygon","coordinates":[[[29.085,45.645],[29.055,45.64],[29.14,45.35],[29.53,45.39],[29.62,45.575],[29.315,45.645],[29.085,45.645]]]},"properties":{"shapeName":"Kiliia","shapeID":"74538382B97836372307066","shapeType":"ADM2"}},
{"type":"Feature","geometry":{"type":"Polygon","coordinates":[[[28.72,45.43],[28.715,45.21],[29.14,45.35],[29.055,45.64],[28.72,45.43]]]},"properties":{"shapeName":"Izmali","shapeID":"74538382B95291552499633","shapeType":"ADM2"}},
{"type":"Feature","geometry":{"type":"Polygon","coordinates":[[[28.62,45.51],[28.42,45.57],[28.255,45.415],[28.41,45.275],[28.715,45.21],[28.72,45.43],[28.62,45.51]]]},"properties":{"shapeName":"Reni","shapeID":"74538382B44725547103458","shapeType":"ADM2"}},
{"type":"Feature","geometry":{"type":"Polygon","coordinates":[[[34.465,47.32],[34.765,47.375],[34.77,47.495],[34.615,47.575],[34.115,47.46],[34.465,47.32]]]},"properties":{"shapeName":"Kamianka Dniprovska","shapeID":"74538382B3314448443504","shapeType":"ADM2"}},
{"type":"Feature","geometry":{"type":"Polygon","coordinates":[[[34.54,47.17],[34.85,47.23],[34.765,47.375],[34.465,47.32],[34.54,47.17]]]},"properties":{"shapeName":"Velyka Bilozerka","shapeID":"74538382B79382588901711","shapeType":"ADM2"}},
{"type":"Feature","geometry":{"type":"Polygon","coordinates":[[[34.94,46.815],[35.25,47.005],[35.21,47.1],[34.945,47.2],[34.85,47.23],[34.54,47.17],[34.545,47.085],[34.795,46.825],[34.94,46.815]]]},"properties":{"shapeName":"Vesele","shapeID":"74538382B83069910659837","shapeType":"ADM2"}},
{"type":"Feature","geometry":{"type":"Polygon","coordinates":[[[35.3,46.725],[35.655,46.945],[35.53,47.065],[35.21,47.1],[35.25,47.005],[34.94,46.815],[35.3,46.725]]]},"properties":{"shapeName":"Melitopol","shapeID":"74538382B95492559683598","shapeType":"ADM2"}},
{"type":"Feature","geometry":{"type":"Polygon","coordinates":[[[34.765,47.375],[34.85,47.23],[34.945,47.2],[35.005,47.325],[35.565,47.425],[35.62,47.53],[35.55,47.575],[35,47.495],[34.77,47.495],[34.765,47.375]]]},"properties":{"shapeName":"Vasylivka","shapeID":"74538382B57736951089932","shapeType":"ADM2"}},
{"type":"Feature","geometry":{"type":"Polygon","coordinates":[[[35.21,47.1],[35.53,47.065],[35.58,47.375],[35.725,47.385],[35.62,47.53],[35.565,47.425],[35.005,47.325],[34.945,47.2],[35.21,47.1]]]},"properties":{"shapeName":"Mykhailivka","shapeID":"74538382B10558448482031","shapeType":"ADM2"}},
{"type":"Feature","geometry":{"type":"Polygon","coordinates":[[[35.55,47.575],[35.595,47.8],[35.245,47.84],[35.21,48.08],[35.195,48.08],[34.85,48.025],[34.97,47.795],[35,47.495],[35.55,47.575]]]},"properties":{"shapeName":"Zaporizhia","shapeID":"74538382B86672078093677","shapeType":"ADM2"}},
{"type":"Feature","geometry":{"type":"Polygon","coordinates":[[[35.82,46.99],[36.095,47.275],[36.025,47.39],[35.725,47.385],[35.58,47.375],[35.53,47.065],[35.655,46.945],[35.82,46.99]]]},"properties":{"shapeName":"Tokmak","shapeID":"74538382B76878796003824","shapeType":"ADM2"}},
{"type":"Feature","geometry":{"type":"Polygon","coordinates":[[[35.855,46.635],[36.45,46.75],[36.39,47.065],[35.91,46.91],[35.855,46.635]]]},"properties":{"shapeName":"Prymorsk","shapeID":"74538382B30714686760712","shapeType":"ADM2"}},
{"type":"Feature","geometry":{"type":"Polygon","coordinates":[[[35.91,46.91],[36.39,47.065],[36.48,47.1],[36.34,47.255],[36.095,47.275],[35.82,46.99],[35.91,46.91]]]},"properties":{"shapeName":"Chernihivka","shapeID":"74538382B52479778935773","shapeType":"ADM2"}},
{"type":"Feature","geometry":{"type":"Polygon","coordinates":[[[36.45,46.75],[36.745,46.61],[36.935,46.87],[37.09,46.985],[36.98,47.13],[36.86,47.165],[36.48,47.1],[36.39,47.065],[36.45,46.75]]]},"properties":{"shapeName":"Berdiansk","shapeID":"74538382B42406222783177","shapeType":"ADM2"}},
{"type":"Feature","geometry":{"type":"Polygon","coordinates":[[[36.48,47.1],[36.86,47.165],[37.02,47.315],[36.685,47.605],[36.595,47.62],[36.61,47.525],[36.34,47.255],[36.48,47.1]]]},"properties":{"shapeName":"Bilmak","shapeID":"74538382B9912324904593","shapeType":"ADM2"}},
{"type":"Feature","geometry":{"type":"Polygon","coordinates":[[[37.02,47.315],[37.195,47.425],[37.095,47.515],[36.685,47.605],[37.02,47.315]]]},"properties":{"shapeName":"Rozivka","shapeID":"74538382B47912633354712","shapeType":"ADM2"}},
{"type":"Feature","geometry":{"type":"Polygon","coordinates":[[[36.095,47.275],[36.34,47.255],[36.61,47.525],[36.595,47.62],[36.185,47.54],[36.025,47.39],[36.095,47.275]]]},"properties":{"shapeName":"Polohy","shapeID":"74538382B66940770579939","shapeType":"ADM2"}},
{"type":"Feature","geometry":{"type":"Polygon","coordinates":[[[35.62,47.53],[35.725,47.385],[36.025,47.39],[36.185,47.54],[36.04,47.7],[35.795,47.82],[35.595,47.8],[35.55,47.575],[35.62,47.53]]]},"properties":{"shapeName":"Orikhiv","shapeID":"74538382B20048272724198","shapeType":"ADM2"}},
{"type":"Feature","geometry":{"type":"Polygon","coordinates":[[[36.685,47.605],[36.62,47.83],[36.27,47.835],[36.04,47.7],[36.185,47.54],[36.595,47.62],[36.685,47.605]]]},"properties":{"shapeName":"Huliaipole","shapeID":"74538382B69145371014174","shapeType":"ADM2"}},
{"type":"Feature","geometry":{"type":"Polygon","coordinates":[[[35.595,47.8],[35.795,47.82],[35.84,48.05],[35.69,48.115],[35.21,48.08],[35.245,47.84],[35.595,47.8]]]},"properties":{"shapeName":"Vilniansk","shapeID":"74538382B30291492588031","shapeType":"ADM2"}},
{"type":"Feature","geometry":{"type":"Polygon","coordinates":[[[36.04,47.7],[36.27,47.835],[36.08,48.04],[35.84,48.05],[35.795,47.82],[36.04,47.7]]]},"properties":{"shapeName":"Novomykolaivka","shapeID":"74538382B7651650713813","shapeType":"ADM2"}},
{"type":"Feature","geometry":{"type":"Polygon","coordinates":[[[36.935,46.87],[37.28,46.895],[37.625,47.1],[37.58,47.245],[37.315,47.115],[36.98,47.13],[37.09,46.985],[36.935,46.87]]]},"properties":{"shapeName":"Manhush","shapeID":"74538382B13057195168049","shapeType":"ADM2"}},
{"type":"Feature","geometry":{"type":"Polygon","coordinates":[[[37.625,47.1],[38.15,47.08],[38.2,47.35],[38.01,47.38],[37.73,47.25],[37.58,47.245],[37.625,47.1]]]},"properties":{"shapeName":"Novoazovsk","shapeID":"74538382B38253727574875","shapeType":"ADM2"}},
{"type":"Feature","geometry":{"type":"Polygon","coordinates":[[[36.98,47.13],[37.315,47.115],[37.58,47.245],[37.73,47.25],[37.555,47.33],[37.195,47.425],[37.02,47.315],[36.86,47.165],[36.98,47.13]]]},"properties":{"shapeName":"Nikolske","shapeID":"74538382B42239251891056","shapeType":"ADM2"}},
{"type":"Feature","geometry":{"type":"Polygon","coordinates":[[[38.2,47.35],[38.28,47.57],[37.85,47.595],[37.555,47.33],[37.73,47.25],[38.01,47.38],[38.2,47.35]]]},"properties":{"shapeName":"Boikivske","shapeID":"74538382B811800225931","shapeType":"ADM2"}},
{"type":"Feature","geometry":{"type":"Polygon","coordinates":[[[37.195,47.425],[37.555,47.33],[37.85,47.595],[37.775,47.84],[37.53,47.725],[37.04,47.725],[37.095,47.515],[37.195,47.425]]]},"properties":{"shapeName":"Volnovakha","shapeID":"74538382B13823475744665","shapeType":"ADM2"}},
{"type":"Feature","geometry":{"type":"Polygon","coordinates":[[[37.095,47.515],[37.04,47.725],[37.135,48.035],[36.925,48.06],[36.64,48.085],[36.62,47.83],[36.685,47.605],[37.095,47.515]]]},"properties":{"shapeName":"Velyka Novosilka","shapeID":"74538382B53420808029005","shapeType":"ADM2"}},
{"type":"Feature","geometry":{"type":"Polygon","coordinates":[[[38.28,47.57],[38.335,47.625],[37.84,48.01],[37.665,47.995],[37.775,47.84],[37.85,47.595],[38.28,47.57]]]},"properties":{"shapeName":"Starobesheve","shapeID":"74538382B55698458190122","shapeType":"ADM2"}},
{"type":"Feature","geometry":{"type":"Polygon","coordinates":[[[37.775,47.84],[37.665,47.995],[37.53,48.14],[37.135,48.035],[37.04,47.725],[37.53,47.725],[37.775,47.84]]]},"properties":{"shapeName":"Marinka","shapeID":"74538382B30318275969007","shapeType":"ADM2"}},
{"type":"Feature","geometry":{"type":"Polygon","coordinates":[[[38.335,47.625],[38.79,47.74],[38.82,47.83],[38.14,47.98],[38.165,48.105],[37.84,48.01],[38.335,47.625]]]},"properties":{"shapeName":"Amvrosiivka","shapeID":"74538382B60964237816069","shapeType":"ADM2"}},
{"type":"Feature","geometry":{"type":"Polygon","coordinates":[[[38.82,47.83],[39.01,47.87],[39.025,47.975],[38.645,48.08],[38.5,48.26],[38.035,48.42],[37.925,48.27],[38.165,48.105],[38.14,47.98],[38.82,47.83]]]},"properties":{"shapeName":"Shakhtarsk","shapeID":"74538382B91909296876216","shapeType":"ADM2"}},
{"type":"Feature","geometry":{"type":"Polygon","coordinates":[[[37.84,48.01],[38.165,48.105],[37.925,48.27],[37.575,48.28],[37.53,48.14],[37.665,47.995],[37.84,48.01]]]},"properties":{"shapeName":"Yasynuvata","shapeID":"74538382B54113761495064","shapeType":"ADM2"}},
{"type":"Feature","geometry":{"type":"Polygon","coordinates":[[[37.135,48.035],[37.53,48.14],[37.575,48.28],[37.365,48.365],[36.86,48.37],[36.925,48.06],[37.135,48.035]]]},"properties":{"shapeName":"Pokrovsk","shapeID":"74538382B91884310989160","shapeType":"ADM2"}},
{"type":"Feature","geometry":{"type":"Polygon","coordinates":[[[37.365,48.365],[37.43,48.595],[37.36,48.63],[36.88,48.51],[36.86,48.37],[37.365,48.365]]]},"properties":{"shapeName":"Dobropillia","shapeID":"74538382B17839198127311","shapeType":"ADM2"}},
{"type":"Feature","geometry":{"type":"Polygon","coordinates":[[[38.035,48.42],[37.83,48.71],[37.43,48.595],[37.365,48.365],[37.575,48.28],[37.925,48.27],[38.035,48.42]]]},"properties":{"shapeName":"Kostiantynivka","shapeID":"74538382B19842336540914","shapeType":"ADM2"}},
{"type":"Feature","geometry":{"type":"Polygon","coordinates":[[[38.5,48.26],[38.315,48.425],[38.18,48.94],[38.1,48.94],[37.925,48.795],[37.83,48.71],[38.035,48.42],[38.5,48.26]]]},"properties":{"shapeName":"Bakhmut","shapeID":"74538382B24070697851653","shapeType":"ADM2"}},
{"type":"Feature","geometry":{"type":"Polygon","coordinates":[[[37.36,48.63],[37.28,48.88],[37.04,48.755],[36.715,48.7],[36.72,48.605],[36.815,48.55],[36.88,48.51],[37.36,48.63]]]},"properties":{"shapeName":"Oleksandrivka","shapeID":"74538382B99908513430661","shapeType":"ADM2"}},
{"type":"Feature","geometry":{"type":"Polygon","coordinates":[[[37.43,48.595],[37.83,48.71],[37.925,48.795],[37.84,48.94],[37.555,49.12],[37.29,49.01],[37.28,48.88],[37.36,48.63],[37.43,48.595]]]},"properties":{"shapeName":"Sloviansk","shapeID":"74538382B60058274039512","shapeType":"ADM2"}},
{"type":"Feature","geometry":{"type":"Polygon","coordinates":[[[38.1,48.94],[38.095,49.135],[37.89,49.175],[37.53,49.22],[37.555,49.12],[37.84,48.94],[37.925,48.795],[38.1,48.94]]]},"properties":{"shapeName":"Lyman\t","shapeID":"74538382B94134496915826","shapeType":"ADM2"}},
{"type":"Feature","geometry":{"type":"Polygon","coordinates":[[[39.01,47.87],[39.37,47.86],[39.47,48.05],[39.36,48.255],[39.16,48.225],[38.86,48.39],[38.5,48.26],[38.645,48.08],[39.025,47.975],[39.01,47.87]]]},"properties":{"shapeName":"Antratsyt","shapeID":"74538382B83226976460707","shapeType":"ADM2"}},
{"type":"Feature","geometry":{"type":"Polygon","coordinates":[[[39.37,47.86],[39.775,47.825],[39.86,48.125],[39.47,48.235],[39.36,48.255],[39.47,48.05],[39.37,47.86]]]},"properties":{"shapeName":"Dovzhansk","shapeID":"74538382B87091028068119","shapeType":"ADM2"}},
{"type":"Feature","geometry":{"type":"Polygon","coordinates":[[[39.86,48.125],[39.97,48.215],[39.835,48.575],[39.63,48.61],[39.375,48.54],[39.365,48.495],[39.47,48.235],[39.86,48.125]]]},"properties":{"shapeName":"Sorokyne","shapeID":"74538382B24236776375789","shapeType":"ADM2"}},
{"type":"Feature","geometry":{"type":"Polygon","coordinates":[[[39.63,48.61],[39.785,48.81],[39.655,48.98],[39.345,49.07],[38.975,48.755],[39.255,48.74],[39.375,48.54],[39.63,48.61]]]},"properties":{"shapeName":"Stanytsia-Luhanska","shapeID":"74538382B68112456325611","shapeType":"ADM2"}},
{"type":"Feature","geometry":{"type":"Polygon","coordinates":[[[39.36,48.255],[39.47,48.235],[39.365,48.495],[38.91,48.52],[38.86,48.39],[39.16,48.225],[39.36,48.255]]]},"properties":{"shapeName":"Lutuhyne","shapeID":"74538382B61551312903365","shapeType":"ADM2"}},
{"type":"Feature","geometry":{"type":"Polygon","coordinates":[[[38.5,48.26],[38.86,48.39],[38.91,48.52],[38.745,48.565],[38.315,48.425],[38.5,48.26]]]},"properties":{"shapeName":"Perevalsk","shapeID":"74538382B52931084418443","shapeType":"ADM2"}},
{"type":"Feature","geometry":{"type":"Polygon","coordinates":[[[38.975,48.755],[38.63,48.775],[38.745,48.565],[38.91,48.52],[39.365,48.495],[39.375,48.54],[39.255,48.74],[38.975,48.755]]]},"properties":{"shapeName":"Slovianoserbsk","shapeID":"74538382B91393089585676","shapeType":"ADM2"}},
{"type":"Feature","geometry":{"type":"Polygon","coordinates":[[[39.345,49.07],[39.315,49.14],[39.125,49.16],[38.68,49.06],[38.48,49.055],[38.68,48.955],[38.63,48.775],[38.975,48.755],[39.345,49.07]]]},"properties":{"shapeName":"Novoaidar","shapeID":"74538382B39903021428362","shapeType":"ADM2"}},
{"type":"Feature","geometry":{"type":"Polygon","coordinates":[[[38.18,48.94],[38.48,49.055],[38.68,49.06],[38.465,49.28],[38.19,49.34],[37.885,49.31],[37.89,49.175],[38.095,49.135],[38.1,48.94],[38.18,48.94]]]},"properties":{"shapeName":"Kreminna","shapeID":"74538382B64717019630205","shapeType":"ADM2"}},
{"type":"Feature","geometry":{"type":"Polygon","coordinates":[[[38.465,49.28],[38.53,49.5],[38.3,49.595],[37.975,49.69],[37.845,49.49],[37.885,49.31],[38.19,49.34],[38.465,49.28]]]},"properties":{"shapeName":"Svatove","shapeID":"74538382B64368506092138","shapeType":"ADM2"}},
{"type":"Feature","geometry":{"type":"Polygon","coordinates":[[[38.3,49.595],[38.65,49.905],[38.29,50.045],[38.07,49.93],[38.01,49.825],[37.975,49.69],[38.3,49.595]]]},"properties":{"shapeName":"Troitske","shapeID":"74538382B59316427092609","shapeType":"ADM2"}},
{"type":"Feature","geometry":{"type":"Polygon","coordinates":[[[39.315,49.14],[39.33,49.41],[39.195,49.45],[38.98,49.42],[38.79,49.365],[38.53,49.5],[38.465,49.28],[38.68,49.06],[39.125,49.16],[39.315,49.14]]]},"properties":{"shapeName":"Starobilsk","shapeID":"74538382B4772976790762","shapeType":"ADM2"}},
{"type":"Feature","geometry":{"type":"Polygon","coordinates":[[[39.655,48.98],[39.91,49.025],[40.135,49.335],[39.755,49.425],[39.33,49.41],[39.315,49.14],[39.345,49.07],[39.655,48.98]]]},"properties":{"shapeName":"Bilovodsk","shapeID":"74538382B63146168478131","shapeType":"ADM2"}},
{"type":"Feature","geometry":{"type":"Polygon","coordinates":[[[38.53,49.5],[38.79,49.365],[38.98,49.42],[38.765,49.77],[38.89,49.85],[38.65,49.905],[38.3,49.595],[38.53,49.5]]]},"properties":{"shapeName":"Bilokurakyne","shapeID":"74538382B35138885386576","shapeType":"ADM2"}},
{"type":"Feature","geometry":{"type":"Polygon","coordinates":[[[39.195,49.45],[39.3,49.735],[38.89,49.85],[38.765,49.77],[38.98,49.42],[39.195,49.45]]]},"properties":{"shapeName":"Novopskov","shapeID":"74538382B72863696789776","shapeType":"ADM2"}},
{"type":"Feature","geometry":{"type":"Polygon","coordinates":[[[39.33,49.41],[39.755,49.425],[39.8,49.57],[39.52,49.74],[39.3,49.735],[39.195,49.45],[39.33,49.41]]]},"properties":{"shapeName":"Markivka","shapeID":"74538382B45881397075814","shapeType":"ADM2"}},
{"type":"Feature","geometry":{"type":"Polygon","coordinates":[[[40.135,49.335],[40.02,49.655],[39.8,49.57],[39.755,49.425],[40.135,49.335]]]},"properties":{"shapeName":"Milove","shapeID":"74538382B36709578446445","shapeType":"ADM2"}},
{"type":"Feature","geometry":{"type":"Polygon","coordinates":[[[34.77,47.495],[35,47.495],[34.97,47.795],[34.85,48.025],[34.49,47.885],[34.615,47.575],[34.77,47.495]]]},"properties":{"shapeName":"Tomakivka","shapeID":"74538382B71954626153569","shapeType":"ADM2"}},
{"type":"Feature","geometry":{"type":"Polygon","coordinates":[[[34.115,47.46],[34.615,47.575],[34.49,47.885],[34.205,47.875],[34.125,47.775],[34.05,47.48],[34.115,47.46]]]},"properties":{"shapeName":"Nikopol","shapeID":"74538382B8704633300515","shapeType":"ADM2"}},
{"type":"Feature","geometry":{"type":"Polygon","coordinates":[[[34.05,47.48],[34.125,47.775],[33.91,47.865],[33.64,47.75],[33.57,47.59],[33.645,47.51],[34.05,47.48]]]},"properties":{"shapeName":"Apostolove","shapeID":"74538382B1179884845086","shapeType":"ADM2"}},
{"type":"Feature","geometry":{"type":"Polygon","coordinates":[[[33.57,47.59],[33.64,47.75],[33.04,47.905],[33.11,47.565],[33.36,47.5],[33.57,47.59]]]},"properties":{"shapeName":"Shyroke","shapeID":"74538382B48774443336138","shapeType":"ADM2"}},
{"type":"Feature","geometry":{"type":"Polygon","coordinates":[[[33.04,47.905],[33.64,47.75],[33.91,47.865],[33.69,48.23],[33.59,48.23],[33.26,48.13],[33.02,47.995],[33.04,47.905]]]},"properties":{"shapeName":"Kryvyi Rih","shapeID":"74538382B55212312657182","shapeType":"ADM2"}},
{"type":"Feature","geometry":{"type":"Polygon","coordinates":[[[34.205,47.875],[34.305,48.045],[33.945,48.205],[33.69,48.23],[33.91,47.865],[34.125,47.775],[34.205,47.875]]]},"properties":{"shapeName":"Sofiyivka","shapeID":"74538382B92549368661816","shapeType":"ADM2"}},
{"type":"Feature","geometry":{"type":"Polygon","coordinates":[[[33.69,48.23],[33.945,48.205],[34.06,48.48],[33.815,48.745],[33.63,48.735],[33.795,48.595],[33.475,48.505],[33.59,48.23],[33.69,48.23]]]},"properties":{"shapeName":"Piatykhatky","shapeID":"74538382B88063181617759","shapeType":"ADM2"}},
{"type":"Feature","geometry":{"type":"Polygon","coordinates":[[[35.195,48.08],[35.205,48.225],[34.915,48.185],[34.64,48.26],[34.305,48.045],[34.205,47.875],[34.49,47.885],[34.85,48.025],[35.195,48.08]]]},"properties":{"shapeName":"Solone","shapeID":"74538382B5599119898653","shapeType":"ADM2"}},
{"type":"Feature","geometry":{"type":"Polygon","coordinates":[[[34.305,48.045],[34.64,48.26],[34.56,48.47],[34.415,48.53],[34.06,48.48],[33.945,48.205],[34.305,48.045]]]},"properties":{"shapeName":"Krynychky","shapeID":"74538382B62641944087949","shapeType":"ADM2"}},
{"type":"Feature","geometry":{"type":"Polygon","coordinates":[[[34.06,48.48],[34.415,48.53],[34.26,48.725],[33.98,48.86],[33.815,48.745],[34.06,48.48]]]},"properties":{"shapeName":"Verkhnodniprovsk","shapeID":"74538382B32904543558628","shapeType":"ADM2"}},
{"type":"Feature","geometry":{"type":"Polygon","coordinates":[[[35.205,48.225],[35.25,48.41],[34.85,48.65],[34.56,48.47],[34.64,48.26],[34.915,48.185],[35.205,48.225]]]},"properties":{"shapeName":"Dnipro","shapeID":"74538382B23045356862491","shapeType":"ADM2"}},
{"type":"Feature","geometry":{"type":"Polygon","coordinates":[[[34.56,48.47],[34.85,48.65],[34.84,48.675],[34.77,48.915],[34.375,48.77],[34.26,48.725],[34.415,48.53],[34.56,48.47]]]},"properties":{"shapeName":"Petrykivka","shapeID":"74538382B42847215196778","shapeType":"ADM2"}},
{"type":"Feature","geometry":{"type":"Polygon","coordinates":[[[34.77,48.915],[34.635,49.04],[34.39,49.055],[34.375,48.77],[34.77,48.915]]]},"properties":{"shapeName":"Tsarychanka","shapeID":"74538382B85307919179669","shapeType":"ADM2"}},
{"type":"Feature","geometry":{"type":"Polygon","coordinates":[[[36.62,47.83],[36.64,48.085],[36.57,48.16],[36.08,48.04],[36.27,47.835],[36.62,47.83]]]},"properties":{"shapeName":"Pokrovske","shapeID":"74538382B48526487653487","shapeType":"ADM2"}},
{"type":"Feature","geometry":{"type":"Polygon","coordinates":[[[36.925,48.06],[36.86,48.37],[36.88,48.51],[36.815,48.55],[36.49,48.225],[36.57,48.16],[36.64,48.085],[36.925,48.06]]]},"properties":{"shapeName":"Mezhova","shapeID":"74538382B92973355473211","shapeType":"ADM2"}},
{"type":"Feature","geometry":{"type":"Polygon","coordinates":[[[35.84,48.05],[36.08,48.04],[36.57,48.16],[36.49,48.225],[36.07,48.285],[35.845,48.305],[35.69,48.115],[35.84,48.05]]]},"properties":{"shapeName":"Vasylkivka","shapeID":"74538382B93071120022649","shapeType":"ADM2"}},
{"type":"Feature","geometry":{"type":"Polygon","coordinates":[[[35.69,48.115],[35.845,48.305],[35.52,48.555],[35.35,48.555],[35.25,48.41],[35.205,48.225],[35.195,48.08],[35.21,48.08],[35.69,48.115]]]},"properties":{"shapeName":"Synelnykove","shapeID":"74538382B5074223078849","shapeType":"ADM2"}},
{"type":"Feature","geometry":{"type":"Polygon","coordinates":[[[36.72,48.605],[36.33,48.51],[36.07,48.285],[36.49,48.225],[36.815,48.55],[36.72,48.605]]]},"properties":{"shapeName":"Petropavlivka","shapeID":"74538382B21914315222818","shapeType":"ADM2"}},
{"type":"Feature","geometry":{"type":"Polygon","coordinates":[[[36.07,48.285],[36.33,48.51],[36.16,48.71],[35.81,48.665],[35.59,48.775],[35.35,48.555],[35.52,48.555],[35.845,48.305],[36.07,48.285]]]},"properties":{"shapeName":"Pavlohrad","shapeID":"74538382B927387955127","shapeType":"ADM2"}},
{"type":"Feature","geometry":{"type":"Polygon","coordinates":[[[35.25,48.41],[35.35,48.555],[35.59,48.775],[35.63,48.97],[35.52,48.965],[35.29,49.09],[35.3,48.885],[34.84,48.675],[34.85,48.65],[35.25,48.41]]]},"properties":{"shapeName":"Novomoskovsk","shapeID":"74538382B42349939916707","shapeType":"ADM2"}},
{"type":"Feature","geometry":{"type":"Polygon","coordinates":[[[34.84,48.675],[35.3,48.885],[35.29,49.09],[35.005,49.165],[34.755,49.15],[34.635,49.04],[34.77,48.915],[34.84,48.675]]]},"properties":{"shapeName":"Mahdalynivka","shapeID":"74538382B69457923953865","shapeType":"ADM2"}},
{"type":"Feature","geometry":{"type":"Polygon","coordinates":[[[36.16,48.71],[36.17,48.765],[36,48.955],[35.63,48.97],[35.59,48.775],[35.81,48.665],[36.16,48.71]]]},"properties":{"shapeName":"Yurivka","shapeID":"74538382B23313109833663","shapeType":"ADM2"}},
{"type":"Feature","geometry":{"type":"Polygon","coordinates":[[[36.715,48.7],[36.68,48.985],[36.17,48.765],[36.16,48.71],[36.33,48.51],[36.72,48.605],[36.715,48.7]]]},"properties":{"shapeName":"Blyzniuky","shapeID":"74538382B52051409545176","shapeType":"ADM2"}},
{"type":"Feature","geometry":{"type":"Polygon","coordinates":[[[36.17,48.765],[36.68,48.985],[36.66,49.195],[36.65,49.215],[36.195,49.15],[36,48.955],[36.17,48.765]]]},"properties":{"shapeName":"Lozova","shapeID":"74538382B56857399435570","shapeType":"ADM2"}},
{"type":"Feature","geometry":{"type":"Polygon","coordinates":[[[37.28,48.88],[37.29,49.01],[37.02,48.985],[36.945,49.195],[36.66,49.195],[36.68,48.985],[36.715,48.7],[37.04,48.755],[37.28,48.88]]]},"properties":{"shapeName":"Barvinkove","shapeID":"74538382B15610245236220","shapeType":"ADM2"}},
{"type":"Feature","geometry":{"type":"Polygon","coordinates":[[[35.63,48.97],[36,48.955],[36.195,49.15],[36.115,49.29],[35.645,49.135],[35.52,48.965],[35.63,48.97]]]},"properties":{"shapeName":"Sakhnovshchyna","shapeID":"74538382B150351319009","shapeType":"ADM2"}},
{"type":"Feature","geometry":{"type":"Polygon","coordinates":[[[35.52,48.965],[35.645,49.135],[35.6,49.165],[35.39,49.335],[35.09,49.285],[35.005,49.165],[35.29,49.09],[35.52,48.965]]]},"properties":{"shapeName":"Zachepylivka","shapeID":"74538382B6869191817667","shapeType":"ADM2"}},
{"type":"Feature","geometry":{"type":"Polygon","coordinates":[[[37.555,49.12],[37.53,49.22],[37.355,49.425],[37.47,49.585],[37.39,49.63],[37.26,49.64],[37.01,49.405],[36.945,49.195],[37.02,48.985],[37.29,49.01],[37.555,49.12]]]},"properties":{"shapeName":"Izium","shapeID":"74538382B31027470477493","shapeType":"ADM2"}},
{"type":"Feature","geometry":{"type":"Polygon","coordinates":[[[37.89,49.175],[37.885,49.31],[37.845,49.49],[37.47,49.585],[37.355,49.425],[37.53,49.22],[37.89,49.175]]]},"properties":{"shapeName":"Borova","shapeID":"74538382B21323031073558","shapeType":"ADM2"}},
{"type":"Feature","geometry":{"type":"Polygon","coordinates":[[[36.945,49.195],[37.01,49.405],[37.26,49.64],[37.09,49.7],[36.82,49.72],[36.645,49.545],[36.65,49.215],[36.66,49.195],[36.945,49.195]]]},"properties":{"shapeName":"Balakliia","shapeID":"74538382B8134714446697","shapeType":"ADM2"}},
{"type":"Feature","geometry":{"type":"Polygon","coordinates":[[[37.975,49.69],[38.01,49.825],[37.525,49.835],[37.415,49.995],[37.27,49.91],[37.39,49.63],[37.47,49.585],[37.845,49.49],[37.975,49.69]]]},"properties":{"shapeName":"Kupiansk","shapeID":"74538382B18579699267219","shapeType":"ADM2"}},
{"type":"Feature","geometry":{"type":"Polygon","coordinates":[[[38.07,49.93],[37.7,50.14],[37.415,49.995],[37.525,49.835],[38.01,49.825],[38.07,49.93]]]},"properties":{"shapeName":"Dvorichna","shapeID":"74538382B35146860339147","shapeType":"ADM2"}},
{"type":"Feature","geometry":{"type":"Polygon","coordinates":[[[36.65,49.215],[36.645,49.545],[36.145,49.565],[36.115,49.29],[36.195,49.15],[36.65,49.215]]]},"properties":{"shapeName":"Pervomaiskyi","shapeID":"74538382B2803467564734","shapeType":"ADM2"}},
{"type":"Feature","geometry":{"type":"Polygon","coordinates":[[[36.115,49.29],[36.145,49.565],[35.795,49.48],[35.845,49.35],[35.6,49.165],[35.645,49.135],[36.115,49.29]]]},"properties":{"shapeName":"Kehychivka","shapeID":"74538382B98857993780727","shapeType":"ADM2"}},
{"type":"Feature","geometry":{"type":"Polygon","coordinates":[[[35.6,49.165],[35.845,49.35],[35.795,49.48],[35.64,49.725],[35.49,49.725],[35.52,49.575],[35.39,49.335],[35.6,49.165]]]},"properties":{"shapeName":"Krasnohrad","shapeID":"74538382B7695117672354","shapeType":"ADM2"}},
{"type":"Feature","geometry":{"type":"Polygon","coordinates":[[[37.39,49.63],[37.27,49.91],[37.115,49.91],[37.07,49.91],[37.09,49.7],[37.26,49.64],[37.39,49.63]]]},"properties":{"shapeName":"Shevchenkove","shapeID":"74538382B88288170046577","shapeType":"ADM2"}},
{"type":"Feature","geometry":{"type":"Polygon","coordinates":[[[37.415,49.995],[37.7,50.14],[37.4,50.33],[37.105,50.175],[37.11,50.045],[37.115,49.91],[37.27,49.91],[37.415,49.995]]]},"properties":{"shapeName":"Velykyi Burluk","shapeID":"74538382B51195623672150","shapeType":"ADM2"}},
{"type":"Feature","geometry":{"type":"Polygon","coordinates":[[[37.09,49.7],[37.07,49.91],[36.885,50.01],[36.595,50.135],[36.54,49.92],[36.82,49.72],[37.09,49.7]]]},"properties":{"shapeName":"Chuhuiv","shapeID":"74538382B29130308321511","shapeType":"ADM2"}},
{"type":"Feature","geometry":{"type":"Polygon","coordinates":[[[37.115,49.91],[37.11,50.045],[36.885,50.01],[37.07,49.91],[37.115,49.91]]]},"properties":{"shapeName":"Pechenihy","shapeID":"74538382B40204431292765","shapeType":"ADM2"}},
{"type":"Feature","geometry":{"type":"Polygon","coordinates":[[[37.4,50.33],[36.845,50.34],[36.595,50.2],[36.595,50.135],[36.885,50.01],[37.11,50.045],[37.105,50.175],[37.4,50.33]]]},"properties":{"shapeName":"Vovchansk","shapeID":"74538382B35301744305605","shapeType":"ADM2"}},
{"type":"Feature","geometry":{"type":"Polygon","coordinates":[[[36.82,49.72],[36.54,49.92],[36.22,49.825],[36.145,49.565],[36.645,49.545],[36.82,49.72]]]},"properties":{"shapeName":"Zmiiv","shapeID":"74538382B19382473130603","shapeType":"ADM2"}},
{"type":"Feature","geometry":{"type":"Polygon","coordinates":[[[36.145,49.565],[36.22,49.825],[35.95,50.03],[35.64,49.725],[35.795,49.48],[36.145,49.565]]]},"properties":{"shapeName":"Nova Vodolaha","shapeID":"74538382B6439769638360","shapeType":"ADM2"}},
{"type":"Feature","geometry":{"type":"Polygon","coordinates":[[[36.595,50.135],[36.595,50.2],[36.41,50.29],[36.39,50.185],[36.035,50.055],[35.905,50.115],[35.95,50.03],[36.22,49.825],[36.54,49.92],[36.595,50.135]]]},"properties":{"shapeName":"Kharkiv","shapeID":"74538382B36501884751905","shapeType":"ADM2"}},
{"type":"Feature","geometry":{"type":"Polygon","coordinates":[[[36.41,50.29],[36.175,50.4],[35.965,50.175],[35.955,50.13],[35.905,50.115],[36.035,50.055],[36.39,50.185],[36.41,50.29]]]},"properties":{"shapeName":"Derhachi","shapeID":"74538382B58806562521535","shapeType":"ADM2"}},
{"type":"Feature","geometry":{"type":"Polygon","coordinates":[[[36.175,50.4],[35.74,50.365],[35.745,50.34],[35.965,50.175],[36.175,50.4]]]},"properties":{"shapeName":"Zolochiv","shapeID":"74538382B7822777781560","shapeType":"ADM2"}},
{"type":"Feature","geometry":{"type":"Polygon","coordinates":[[[35.64,49.725],[35.95,50.03],[35.905,50.115],[35.955,50.13],[35.445,50.02],[35.44,49.93],[35.25,49.79],[35.49,49.725],[35.64,49.725]]]},"properties":{"shapeName":"Valky","shapeID":"74538382B13527376036469","shapeType":"ADM2"}},
{"type":"Feature","geometry":{"type":"Polygon","coordinates":[[[35.44,49.93],[35.215,49.86],[35.25,49.79],[35.44,49.93]]]},"properties":{"shapeName":"Kolomak","shapeID":"74538382B81311905240304","shapeType":"ADM2"}},
{"type":"Feature","geometry":{"type":"Polygon","coordinates":[[[35.445,50.02],[35.215,50.255],[34.97,50.125],[34.985,49.895],[35.215,49.86],[35.44,49.93],[35.445,50.02]]]},"properties":{"shapeName":"Krasnokutsk","shapeID":"74538382B32195622732164","shapeType":"ADM2"}},
{"type":"Feature","geometry":{"type":"Polygon","coordinates":[[[35.965,50.175],[35.745,50.34],[35.255,50.26],[35.215,50.255],[35.445,50.02],[35.955,50.13],[35.965,50.175]]]},"properties":{"shapeName":"Bohodukhiv","shapeID":"74538382B2478883224653","shapeType":"ADM2"}},
{"type":"Feature","geometry":{"type":"Polygon","coordinates":[[[32.48,47.83],[32.475,48.065],[32.175,48.085],[31.86,48.025],[31.9,47.8],[32.275,47.815],[32.48,47.83]]]},"properties":{"shapeName":"Bobrynets","shapeID":"74538382B51817175452920","shapeType":"ADM2"}},
{"type":"Feature","geometry":{"type":"Polygon","coordinates":[[[32.905,48.01],[32.59,48.175],[32.475,48.065],[32.48,47.83],[32.635,47.84],[32.905,48.01]]]},"properties":{"shapeName":"Ustynivka","shapeID":"74538382B67308569242211","shapeType":"ADM2"}},
{"type":"Feature","geometry":{"type":"Polygon","coordinates":[[[31.225,48.23],[30.905,48.41],[30.78,48.46],[30.725,48.16],[31.225,48.23]]]},"properties":{"shapeName":"Vilshanka","shapeID":"74538382B40286307768032","shapeType":"ADM2"}},
{"type":"Feature","geometry":{"type":"Polygon","coordinates":[[[33.02,47.995],[33.26,48.13],[33.155,48.355],[32.58,48.245],[32.59,48.175],[32.905,48.01],[33.02,47.995]]]},"properties":{"shapeName":"Dolynska","shapeID":"74538382B8481477190191","shapeType":"ADM2"}},
{"type":"Feature","geometry":{"type":"Polygon","coordinates":[[[33.59,48.23],[33.475,48.505],[33.095,48.435],[33.155,48.355],[33.26,48.13],[33.59,48.23]]]},"properties":{"shapeName":"Petrove","shapeID":"74538382B37223682167383","shapeType":"ADM2"}},
{"type":"Feature","geometry":{"type":"Polygon","coordinates":[[[30.725,48.16],[30.78,48.46],[30.595,48.535],[30.41,48.52],[30.395,48.155],[30.64,48.155],[30.725,48.16]]]},"properties":{"shapeName":"Holovanivsk","shapeID":"74538382B68550856765578","shapeType":"ADM2"}},
{"type":"Feature","geometry":{"type":"Polygon","coordinates":[[[30.37,48.12],[30.395,48.155],[30.41,48.52],[30.165,48.41],[30.215,48.155],[30.37,48.12]]]},"properties":{"shapeName":"Blahovishchenske","shapeID":"74538382B99860915109561","shapeType":"ADM2"}},
{"type":"Feature","geometry":{"type":"Polygon","coordinates":[[[30.215,48.155],[30.165,48.41],[30.03,48.43],[29.78,48.325],[29.8,48.17],[29.835,48.16],[30.215,48.155]]]},"properties":{"shapeName":"Haivoron","shapeID":"74538382B37973254287789","shapeType":"ADM2"}},
{"type":"Feature","geometry":{"type":"Polygon","coordinates":[[[31.535,48.11],[31.495,48.35],[31.32,48.55],[31.225,48.575],[30.905,48.41],[31.225,48.23],[31.26,48.17],[31.535,48.11]]]},"properties":{"shapeName":"Dobrovelychkivka","shapeID":"74538382B57034061820630","shapeType":"ADM2"}},
{"type":"Feature","geometry":{"type":"Polygon","coordinates":[[[30.905,48.41],[31.225,48.575],[31.285,48.67],[31.26,48.695],[31,48.755],[30.67,48.72],[30.595,48.535],[30.78,48.46],[30.905,48.41]]]},"properties":{"shapeName":"Novoarkhanhelsk","shapeID":"74538382B73277137080743","shapeType":"ADM2"}},
{"type":"Feature","geometry":{"type":"Polygon","coordinates":[[[31.86,48.025],[32.175,48.085],[32.125,48.345],[31.92,48.45],[31.32,48.55],[31.495,48.35],[31.535,48.11],[31.54,48.11],[31.86,48.025]]]},"properties":{"shapeName":"Novoukrainka","shapeID":"74538382B86431925858942","shapeType":"ADM2"}},
{"type":"Feature","geometry":{"type":"Polygon","coordinates":[[[32.475,48.065],[32.59,48.175],[32.58,48.245],[32.55,48.305],[32.125,48.345],[32.175,48.085],[32.475,48.065]]]},"properties":{"shapeName":"Kropyvnytskyi","shapeID":"74538382B5065610238765","shapeType":"ADM2"}},
{"type":"Feature","geometry":{"type":"Polygon","coordinates":[[[33.155,48.355],[33.095,48.435],[32.81,48.53],[32.72,48.525],[32.55,48.305],[32.58,48.245],[33.155,48.355]]]},"properties":{"shapeName":"Novhorodka","shapeID":"74538382B97447105405204","shapeType":"ADM2"}},
{"type":"Feature","geometry":{"type":"Polygon","coordinates":[[[33.63,48.735],[33.385,48.665],[33.275,48.8],[32.965,48.81],[32.81,48.53],[33.095,48.435],[33.475,48.505],[33.795,48.595],[33.63,48.735]]]},"properties":{"shapeName":"Oleksandriia","shapeID":"74538382B69842770208303","shapeType":"ADM2"}},
{"type":"Feature","geometry":{"type":"Polygon","coordinates":[[[33.815,48.745],[33.98,48.86],[33.92,48.9],[33.375,48.925],[33.275,48.8],[33.385,48.665],[33.63,48.735],[33.815,48.745]]]},"properties":{"shapeName":"Onufriivka","shapeID":"74538382B79975421345437","shapeType":"ADM2"}},
{"type":"Feature","geometry":{"type":"Polygon","coordinates":[[[33.275,48.8],[33.375,48.925],[33.165,49.105],[33.065,49.17],[32.86,48.91],[32.965,48.81],[33.275,48.8]]]},"properties":{"shapeName":"Svitlovodsk","shapeID":"74538382B332128375794","shapeType":"ADM2"}},
{"type":"Feature","geometry":{"type":"Polygon","coordinates":[[[32.81,48.53],[32.965,48.81],[32.86,48.91],[32.65,48.92],[32.37,48.7],[32.48,48.53],[32.72,48.525],[32.81,48.53]]]},"properties":{"shapeName":"Znamianka","shapeID":"74538382B83616373915642","shapeType":"ADM2"}},
{"type":"Feature","geometry":{"type":"Polygon","coordinates":[[[32.125,48.345],[32.55,48.305],[32.72,48.525],[32.48,48.53],[32.37,48.7],[32.18,48.705],[32.025,48.635],[31.92,48.45],[32.125,48.345]]]},"properties":{"shapeName":"Kompaniivka","shapeID":"74538382B33094259068281","shapeType":"ADM2"}},
{"type":"Feature","geometry":{"type":"Polygon","coordinates":[[[31.32,48.55],[31.92,48.45],[32.025,48.635],[31.91,48.59],[31.285,48.67],[31.225,48.575],[31.32,48.55]]]},"properties":{"shapeName":"Mala Vyska","shapeID":"74538382B72798454015327","shapeType":"ADM2"}},
{"type":"Feature","geometry":{"type":"Polygon","coordinates":[[[31.285,48.67],[31.91,48.59],[32.025,48.635],[32.18,48.705],[32.01,48.865],[31.935,48.925],[31.87,48.97],[31.63,48.74],[31.365,48.73],[31.26,48.695],[31.285,48.67]]]},"properties":{"shapeName":"Novomyrhorod","shapeID":"74538382B62956114849097","shapeType":"ADM2"}},
{"type":"Feature","geometry":{"type":"Polygon","coordinates":[[[32.65,48.92],[32.5,48.905],[32.01,48.865],[32.18,48.705],[32.37,48.7],[32.65,48.92]]]},"properties":{"shapeName":"Oleksandrivka","shapeID":"74538382B64662360696322","shapeType":"ADM2"}},
{"type":"Feature","geometry":{"type":"Polygon","coordinates":[[[34.26,48.725],[34.375,48.77],[34.39,49.055],[34.465,49.17],[34.12,49.31],[33.98,49],[33.92,48.9],[33.98,48.86],[34.26,48.725]]]},"properties":{"shapeName":"Kobeliaky","shapeID":"74538382B88978880858250","shapeType":"ADM2"}},
{"type":"Feature","geometry":{"type":"Polygon","coordinates":[[[33.92,48.9],[33.98,49],[33.7,49.265],[33.625,49.33],[33.165,49.105],[33.375,48.925],[33.92,48.9]]]},"properties":{"shapeName":"Kremenchuk","shapeID":"74538382B89155529549277","shapeType":"ADM2"}},
{"type":"Feature","geometry":{"type":"Polygon","coordinates":[[[34.12,49.31],[33.94,49.42],[33.7,49.265],[33.98,49],[34.12,49.31]]]},"properties":{"shapeName":"Kozelshchyna","shapeID":"74538382B4782887938967","shapeType":"ADM2"}},
{"type":"Feature","geometry":{"type":"Polygon","coordinates":[[[34.635,49.04],[34.755,49.15],[34.635,49.42],[34.395,49.495],[34.12,49.31],[34.465,49.17],[34.39,49.055],[34.635,49.04]]]},"properties":{"shapeName":"Novi Sanzhary","shapeID":"74538382B44340415968020","shapeType":"ADM2"}},
{"type":"Feature","geometry":{"type":"Polygon","coordinates":[[[35.005,49.165],[35.09,49.285],[35.145,49.545],[35.05,49.605],[34.635,49.42],[34.755,49.15],[35.005,49.165]]]},"properties":{"shapeName":"Mashivka","shapeID":"74538382B24211497806867","shapeType":"ADM2"}},
{"type":"Feature","geometry":{"type":"Polygon","coordinates":[[[35.39,49.335],[35.52,49.575],[35.145,49.545],[35.09,49.285],[35.39,49.335]]]},"properties":{"shapeName":"Karlivka","shapeID":"74538382B83988407306770","shapeType":"ADM2"}},
{"type":"Feature","geometry":{"type":"Polygon","coordinates":[[[35.49,49.725],[35.25,49.79],[35.215,49.86],[34.985,49.895],[34.92,49.755],[35.05,49.605],[35.145,49.545],[35.52,49.575],[35.49,49.725]]]},"properties":{"shapeName":"Chutove","shapeID":"74538382B60535297050868","shapeType":"ADM2"}},
{"type":"Feature","geometry":{"type":"Polygon","coordinates":[[[34.635,49.42],[35.05,49.605],[34.92,49.755],[34.71,49.78],[34.33,49.795],[34.395,49.495],[34.635,49.42]]]},"properties":{"shapeName":"Poltava","shapeID":"74538382B39784518508744","shapeType":"ADM2"}},
{"type":"Feature","geometry":{"type":"Polygon","coordinates":[[[34.97,50.125],[34.59,50.105],[34.735,49.89],[34.71,49.78],[34.92,49.755],[34.985,49.895],[34.97,50.125]]]},"properties":{"shapeName":"Kotelva","shapeID":"74538382B1295446134246","shapeType":"ADM2"}},
{"type":"Feature","geometry":{"type":"Polygon","coordinates":[[[34.12,49.31],[34.395,49.495],[34.33,49.795],[34.28,49.785],[34.09,49.71],[33.935,49.46],[33.94,49.42],[34.12,49.31]]]},"properties":{"shapeName":"Reshetylivka","shapeID":"74538382B30544134807890","shapeType":"ADM2"}},
{"type":"Feature","geometry":{"type":"Polygon","coordinates":[[[33.165,49.105],[33.625,49.33],[33.7,49.265],[33.94,49.42],[33.935,49.46],[33.63,49.61],[33.495,49.535],[33.055,49.52],[32.865,49.595],[32.865,49.415],[33.065,49.17],[33.165,49.105]]]},"properties":{"shapeName":"Hlobyne","shapeID":"74538382B15303326410198","shapeType":"ADM2"}},
{"type":"Feature","geometry":{"type":"Polygon","coordinates":[[[33.63,49.61],[33.545,49.675],[33.09,49.925],[32.785,49.685],[32.865,49.595],[33.055,49.52],[33.495,49.535],[33.63,49.61]]]},"properties":{"shapeName":"Semenivka","shapeID":"74538382B92678915216320","shapeType":"ADM2"}},
{"type":"Feature","geometry":{"type":"Polygon","coordinates":[[[34.09,49.71],[34.025,49.925],[33.815,49.85],[33.545,49.675],[33.63,49.61],[33.935,49.46],[34.09,49.71]]]},"properties":{"shapeName":"Velyka Bahachka","shapeID":"74538382B97123961313815","shapeType":"ADM2"}},
{"type":"Feature","geometry":{"type":"Polygon","coordinates":[[[34.28,49.785],[34.35,49.965],[34.145,50.04],[34.025,49.925],[34.09,49.71],[34.28,49.785]]]},"properties":{"shapeName":"Shyshaky","shapeID":"74538382B34796929779218","shapeType":"ADM2"}},
{"type":"Feature","geometry":{"type":"Polygon","coordinates":[[[34.71,49.78],[34.735,49.89],[34.35,49.965],[34.28,49.785],[34.33,49.795],[34.71,49.78]]]},"properties":{"shapeName":"Dykanka","shapeID":"74538382B57466537231315","shapeType":"ADM2"}},
{"type":"Feature","geometry":{"type":"Polygon","coordinates":[[[34.59,50.105],[34.48,50.28],[34.155,50.095],[34.145,50.04],[34.35,49.965],[34.735,49.89],[34.59,50.105]]]},"properties":{"shapeName":"Zinkiv","shapeID":"74538382B88912930718320","shapeType":"ADM2"}},
{"type":"Feature","geometry":{"type":"Polygon","coordinates":[[[33.545,49.675],[33.815,49.85],[33.5,50],[33.15,49.945],[33.09,49.925],[33.545,49.675]]]},"properties":{"shapeName":"Khorol","shapeID":"74538382B15383579018603","shapeType":"ADM2"}},
{"type":"Feature","geometry":{"type":"Polygon","coordinates":[[[33.09,49.925],[33.15,49.945],[32.92,49.945],[32.76,50.11],[32.73,50.125],[32.535,49.96],[32.45,49.85],[32.785,49.685],[33.09,49.925]]]},"properties":{"shapeName":"Orzhytsia","shapeID":"74538382B32721525373151","shapeType":"ADM2"}},
{"type":"Feature","geometry":{"type":"Polygon","coordinates":[[[34.48,50.28],[34.44,50.41],[34.315,50.525],[34,50.535],[33.71,50.45],[33.745,50.315],[33.97,50.12],[34.155,50.095],[34.48,50.28]]]},"properties":{"shapeName":"Hadiach","shapeID":"74538382B87722024081340","shapeType":"ADM2"}},
{"type":"Feature","geometry":{"type":"Polygon","coordinates":[[[34.025,49.925],[34.145,50.04],[34.155,50.095],[33.97,50.12],[33.745,50.315],[33.51,50.225],[33.5,50],[33.815,49.85],[34.025,49.925]]]},"properties":{"shapeName":"Myrhorod","shapeID":"74538382B63112784365900","shapeType":"ADM2"}},
{"type":"Feature","geometry":{"type":"Polygon","coordinates":[[[33.5,50],[33.51,50.225],[33.335,50.285],[33.095,50.13],[32.785,50.17],[32.76,50.11],[32.92,49.945],[33.15,49.945],[33.5,50]]]},"properties":{"shapeName":"Lubny","shapeID":"74538382B28667917897493","shapeType":"ADM2"}},
{"type":"Feature","geometry":{"type":"Polygon","coordinates":[[[33.71,50.45],[33.69,50.465],[33.14,50.515],[33.095,50.48],[33.065,50.425],[33.335,50.285],[33.51,50.225],[33.745,50.315],[33.71,50.45]]]},"properties":{"shapeName":"Lokhvytsia","shapeID":"74538382B63843280303146","shapeType":"ADM2"}},
{"type":"Feature","geometry":{"type":"Polygon","coordinates":[[[33.335,50.285],[33.065,50.425],[32.87,50.335],[32.785,50.17],[33.095,50.13],[33.335,50.285]]]},"properties":{"shapeName":"Chornukhy","shapeID":"74538382B30239669246101","shapeType":"ADM2"}},
{"type":"Feature","geometry":{"type":"Polygon","coordinates":[[[32.73,50.125],[32.295,50.205],[32.26,50.19],[32.535,49.96],[32.73,50.125]]]},"properties":{"shapeName":"Hrebinka","shapeID":"74538382B1986372473405","shapeType":"ADM2"}},
{"type":"Feature","geometry":{"type":"Polygon","coordinates":[[[32.76,50.11],[32.785,50.17],[32.87,50.335],[32.545,50.395],[32.28,50.33],[32.295,50.205],[32.73,50.125],[32.76,50.11]]]},"properties":{"shapeName":"Pyriatyn","shapeID":"74538382B82525342266993","shapeType":"ADM2"}},
{"type":"Feature","geometry":{"type":"Polygon","coordinates":[[[35.215,50.255],[35.255,50.26],[35.14,50.415],[34.755,50.535],[34.44,50.41],[34.48,50.28],[34.59,50.105],[34.97,50.125],[35.215,50.255]]]},"properties":{"shapeName":"Okhtyrka","shapeID":"74538382B29845079622826","shapeType":"ADM2"}},
{"type":"Feature","geometry":{"type":"Polygon","coordinates":[[[35.74,50.365],[35.385,50.56],[35.315,50.56],[35.14,50.415],[35.255,50.26],[35.745,50.34],[35.74,50.365]]]},"properties":{"shapeName":"Velyka Pysarivka","shapeID":"74538382B36929178896395","shapeType":"ADM2"}},
{"type":"Feature","geometry":{"type":"Polygon","coordinates":[[[35.14,50.415],[35.315,50.56],[35.04,50.785],[34.89,50.65],[34.755,50.535],[35.14,50.415]]]},"properties":{"shapeName":"Trostianets","shapeID":"74538382B23206158813586","shapeType":"ADM2"}},
{"type":"Feature","geometry":{"type":"Polygon","coordinates":[[[35.385,50.56],[35.52,50.65],[35.335,50.975],[35.175,51.04],[35.04,50.785],[35.315,50.56],[35.385,50.56]]]},"properties":{"shapeName":"Krasnopillia","shapeID":"74538382B16544098233158","shapeType":"ADM2"}},
{"type":"Feature","geometry":{"type":"Polygon","coordinates":[[[34.44,50.41],[34.755,50.535],[34.89,50.65],[34.87,50.755],[34.55,50.91],[34.22,50.865],[34.19,50.755],[34.315,50.525],[34.44,50.41]]]},"properties":{"shapeName":"Lebedyn","shapeID":"74538382B20601682218189","shapeType":"ADM2"}},
{"type":"Feature","geometry":{"type":"Polygon","coordinates":[[[35.04,50.785],[35.175,51.04],[35.095,51.22],[34.735,51.175],[34.55,50.91],[34.87,50.755],[34.89,50.65],[35.04,50.785]]]},"properties":{"shapeName":"Sumy","shapeID":"74538382B37171380171685","shapeType":"ADM2"}},
{"type":"Feature","geometry":{"type":"Polygon","coordinates":[[[34.315,50.525],[34.19,50.755],[33.935,50.72],[33.69,50.465],[33.71,50.45],[34,50.535],[34.315,50.525]]]},"properties":{"shapeName":"Lypova Dolyna","shapeID":"74538382B62400854629938","shapeType":"ADM2"}},
{"type":"Feature","geometry":{"type":"Polygon","coordinates":[[[33.69,50.465],[33.935,50.72],[33.58,50.895],[33.26,50.905],[33.215,50.66],[33.14,50.515],[33.69,50.465]]]},"properties":{"shapeName":"Romny","shapeID":"74538382B59597845190856","shapeType":"ADM2"}},
{"type":"Feature","geometry":{"type":"Polygon","coordinates":[[[34.22,50.865],[33.955,51.03],[33.62,50.925],[33.58,50.895],[33.935,50.72],[34.19,50.755],[34.22,50.865]]]},"properties":{"shapeName":"Nedryhailiv","shapeID":"74538382B29387965575909","shapeType":"ADM2"}},
{"type":"Feature","geometry":{"type":"Polygon","coordinates":[[[34.55,50.91],[34.735,51.175],[34.31,51.27],[34.18,51.265],[33.955,51.03],[34.22,50.865],[34.55,50.91]]]},"properties":{"shapeName":"Bilopillia","shapeID":"74538382B88368635206807","shapeType":"ADM2"}},
{"type":"Feature","geometry":{"type":"Polygon","coordinates":[[[33.955,51.03],[34.18,51.265],[33.715,51.265],[33.62,50.925],[33.955,51.03]]]},"properties":{"shapeName":"Buryn","shapeID":"74538382B72285239783987","shapeType":"ADM2"}},
{"type":"Feature","geometry":{"type":"Polygon","coordinates":[[[33.58,50.895],[33.62,50.925],[33.715,51.265],[33.675,51.37],[33.235,51.46],[33.11,51.33],[33.085,51.075],[33.23,51.005],[33.26,50.905],[33.58,50.895]]]},"properties":{"shapeName":"Konotop","shapeID":"74538382B53011721841283","shapeType":"ADM2"}},
{"type":"Feature","geometry":{"type":"Polygon","coordinates":[[[34.31,51.27],[34.315,51.515],[34.165,51.565],[33.79,51.545],[33.675,51.37],[33.715,51.265],[34.18,51.265],[34.31,51.27]]]},"properties":{"shapeName":"Putyvl","shapeID":"74538382B23907235979788","shapeType":"ADM2"}},
{"type":"Feature","geometry":{"type":"Polygon","coordinates":[[[33.675,51.37],[33.79,51.545],[33.59,51.645],[33.19,51.65],[33.235,51.46],[33.675,51.37]]]},"properties":{"shapeName":"Krolevets","shapeID":"74538382B60331079617508","shapeType":"ADM2"}},
{"type":"Feature","geometry":{"type":"Polygon","coordinates":[[[34.165,51.565],[34.49,51.725],[34.2,51.91],[33.83,51.785],[33.59,51.645],[33.79,51.545],[34.165,51.565]]]},"properties":{"shapeName":"Hlukhiv","shapeID":"74538382B34689599554445","shapeType":"ADM2"}},
{"type":"Feature","geometry":{"type":"Polygon","coordinates":[[[33.59,51.645],[33.83,51.785],[33.655,51.885],[33.62,52.14],[33.435,52.09],[33.135,51.805],[33.19,51.65],[33.59,51.645]]]},"properties":{"shapeName":"Shostka","shapeID":"74538382B68405573431293","shapeType":"ADM2"}},
{"type":"Feature","geometry":{"type":"Polygon","coordinates":[[[34.2,51.91],[34.1,52.14],[33.62,52.14],[33.655,51.885],[33.83,51.785],[34.2,51.91]]]},"properties":{"shapeName":"Yampil","shapeID":"74538382B98557569749448","shapeType":"ADM2"}},
{"type":"Feature","geometry":{"type":"Polygon","coordinates":[[[33.62,52.14],[34.1,52.14],[33.815,52.38],[33.4,52.36],[33.28,52.165],[33.435,52.09],[33.62,52.14]]]},"properties":{"shapeName":"Seredyna-Buda","shapeID":"74538382B45068545633774","shapeType":"ADM2"}},
{"type":"Feature","geometry":{"type":"Polygon","coordinates":[[[33.065,49.17],[32.865,49.415],[32.655,49.34],[32.42,49.125],[32.5,48.905],[32.65,48.92],[32.86,48.91],[33.065,49.17]]]},"properties":{"shapeName":"Chyhyryn","shapeID":"74538382B23530210512837","shapeType":"ADM2"}},
{"type":"Feature","geometry":{"type":"Polygon","coordinates":[[[32.535,49.96],[32.26,50.19],[32.065,49.995],[32.355,49.825],[32.45,49.85],[32.535,49.96]]]},"properties":{"shapeName":"Drabiv","shapeID":"74538382B28496412060318","shapeType":"ADM2"}},
{"type":"Feature","geometry":{"type":"Polygon","coordinates":[[[32.865,49.595],[32.785,49.685],[32.45,49.85],[32.355,49.825],[32.24,49.445],[32.655,49.34],[32.865,49.415],[32.865,49.595]]]},"properties":{"shapeName":"Chornobai","shapeID":"74538382B10652079074389","shapeType":"ADM2"}},
{"type":"Feature","geometry":{"type":"Polygon","coordinates":[[[32.01,48.865],[32.5,48.905],[32.42,49.125],[32.27,49.13],[31.935,48.925],[32.01,48.865]]]},"properties":{"shapeName":"Kamianka","shapeID":"74538382B60018374136133","shapeType":"ADM2"}},
{"type":"Feature","geometry":{"type":"Polygon","coordinates":[[[32.065,49.995],[31.985,50.02],[31.865,49.83],[31.87,49.605],[32.24,49.445],[32.355,49.825],[32.065,49.995]]]},"properties":{"shapeName":"Zolotonosha","shapeID":"74538382B40671988393633","shapeType":"ADM2"}},
{"type":"Feature","geometry":{"type":"Polygon","coordinates":[[[32.655,49.34],[32.24,49.445],[31.87,49.605],[31.56,49.44],[31.64,49.345],[31.82,49.29],[32.27,49.13],[32.42,49.125],[32.655,49.34]]]},"properties":{"shapeName":"Cherkasy","shapeID":"74538382B28718545705075","shapeType":"ADM2"}},
{"type":"Feature","geometry":{"type":"Polygon","coordinates":[[[31.935,48.925],[32.27,49.13],[31.82,49.29],[31.64,49.155],[31.87,48.97],[31.935,48.925]]]},"properties":{"shapeName":"Smila","shapeID":"74538382B39705713449097","shapeType":"ADM2"}},
{"type":"Feature","geometry":{"type":"Polygon","coordinates":[[[31.865,49.83],[31.55,49.915],[31.355,49.855],[31.39,49.67],[31.26,49.53],[31.56,49.44],[31.87,49.605],[31.865,49.83]]]},"properties":{"shapeName":"Kaniv","shapeID":"74538382B83638043560631","shapeType":"ADM2"}},
{"type":"Feature","geometry":{"type":"Polygon","coordinates":[[[31.87,48.97],[31.64,49.155],[31.465,49.1],[31.4,48.9],[31.365,48.73],[31.63,48.74],[31.87,48.97]]]},"properties":{"shapeName":"Shpola","shapeID":"74538382B74898399385279","shapeType":"ADM2"}},
{"type":"Feature","geometry":{"type":"Polygon","coordinates":[[[31.64,49.345],[31.48,49.25],[31.21,49.285],[31.465,49.1],[31.64,49.155],[31.82,49.29],[31.64,49.345]]]},"properties":{"shapeName":"Horodysche","shapeID":"74538382B24094017923435","shapeType":"ADM2"}},
{"type":"Feature","geometry":{"type":"Polygon","coordinates":[[[31.56,49.44],[31.26,49.53],[31.22,49.49],[31.035,49.36],[31.19,49.3],[31.21,49.285],[31.48,49.25],[31.64,49.345],[31.56,49.44]]]},"properties":{"shapeName":"Korsun-Shevchenkivskyi","shapeID":"74538382B57516616644069","shapeType":"ADM2"}},
{"type":"Feature","geometry":{"type":"Polygon","coordinates":[[[30.595,48.535],[30.67,48.72],[30.61,48.755],[30.18,48.89],[30.25,48.785],[30.005,48.525],[30.02,48.465],[30.03,48.43],[30.165,48.41],[30.41,48.52],[30.595,48.535]]]},"properties":{"shapeName":"Uman","shapeID":"74538382B32197013600938","shapeType":"ADM2"}},
{"type":"Feature","geometry":{"type":"Polygon","coordinates":[[[30.18,48.89],[30.17,48.925],[30.15,48.925],[29.74,48.86],[29.76,48.82],[29.915,48.675],[30.005,48.525],[30.25,48.785],[30.18,48.89]]]},"properties":{"shapeName":"Khrystynivka","shapeID":"74538382B17175920641899","shapeType":"ADM2"}},
{"type":"Feature","geometry":{"type":"Polygon","coordinates":[[[30.15,48.925],[29.92,49.14],[29.755,49.185],[29.705,49.055],[29.74,48.86],[30.15,48.925]]]},"properties":{"shapeName":"Monastyrysche","shapeID":"74538382B11218379347521","shapeType":"ADM2"}},
{"type":"Feature","geometry":{"type":"Polygon","coordinates":[[[30.15,48.925],[30.17,48.925],[30.54,49.14],[30.525,49.295],[30.115,49.28],[29.92,49.14],[30.15,48.925]]]},"properties":{"shapeName":"Zhashkiv","shapeID":"74538382B91941622572963","shapeType":"ADM2"}},
{"type":"Feature","geometry":{"type":"Polygon","coordinates":[[[30.61,48.755],[30.745,49.05],[30.725,49.115],[30.54,49.14],[30.17,48.925],[30.18,48.89],[30.61,48.755]]]},"properties":{"shapeName":"Mankivka","shapeID":"74538382B11416649963923","shapeType":"ADM2"}},
{"type":"Feature","geometry":{"type":"Polygon","coordinates":[[[31,48.755],[31.03,48.91],[30.745,49.05],[30.61,48.755],[30.67,48.72],[31,48.755]]]},"properties":{"shapeName":"Talne","shapeID":"74538382B77501055867639","shapeType":"ADM2"}},
{"type":"Feature","geometry":{"type":"Polygon","coordinates":[[[31.26,48.695],[31.365,48.73],[31.4,48.9],[31.03,48.91],[31,48.755],[31.26,48.695]]]},"properties":{"shapeName":"Katerynopil","shapeID":"74538382B12367365780771","shapeType":"ADM2"}},
{"type":"Feature","geometry":{"type":"Polygon","coordinates":[[[31.465,49.1],[31.21,49.285],[31.19,49.3],[31.115,49.165],[30.725,49.115],[30.745,49.05],[31.03,48.91],[31.4,48.9],[31.465,49.1]]]},"properties":{"shapeName":"Zvenyhorodka","shapeID":"74538382B54532398243130","shapeType":"ADM2"}},
{"type":"Feature","geometry":{"type":"Polygon","coordinates":[[[31.035,49.36],[30.72,49.36],[30.535,49.35],[30.525,49.295],[30.54,49.14],[30.725,49.115],[31.115,49.165],[31.19,49.3],[31.035,49.36]]]},"properties":{"shapeName":"Lysianka","shapeID":"74538382B82178564879136","shapeType":"ADM2"}},
{"type":"Feature","geometry":{"type":"Polygon","coordinates":[[[29.8,48.17],[29.78,48.325],[30.03,48.43],[30.02,48.465],[29.545,48.395],[29.39,48.33],[29.71,48.12],[29.8,48.17]]]},"properties":{"shapeName":"Bershad","shapeID":"74538382B24000649598641","shapeType":"ADM2"}},
{"type":"Feature","geometry":{"type":"Polygon","coordinates":[[[30.005,48.525],[29.915,48.675],[29.51,48.52],[29.545,48.395],[30.02,48.465],[30.005,48.525]]]},"properties":{"shapeName":"Teplyk","shapeID":"74538382B75813986727772","shapeType":"ADM2"}},
{"type":"Feature","geometry":{"type":"Polygon","coordinates":[[[29.76,48.82],[29.37,48.765],[29.18,48.635],[29.205,48.57],[29.51,48.52],[29.915,48.675],[29.76,48.82]]]},"properties":{"shapeName":"Haisyn","shapeID":"74538382B32839428556025","shapeType":"ADM2"}},
{"type":"Feature","geometry":{"type":"Polygon","coordinates":[[[29.74,48.86],[29.705,49.055],[29.36,49.215],[29.145,49.09],[29.37,48.765],[29.76,48.82],[29.74,48.86]]]},"properties":{"shapeName":"Illintsi","shapeID":"74538382B12709317910219","shapeType":"ADM2"}},
{"type":"Feature","geometry":{"type":"Polygon","coordinates":[[[29.755,49.185],[29.54,49.355],[29.255,49.33],[29.36,49.215],[29.705,49.055],[29.755,49.185]]]},"properties":{"shapeName":"Orativ","shapeID":"74538382B94896655218904","shapeType":"ADM2"}},
{"type":"Feature","geometry":{"type":"Polygon","coordinates":[[[29.71,48.12],[29.39,48.33],[29.18,48.3],[29.105,48.27],[29.06,48.145],[29.4,48.09],[29.71,48.12]]]},"properties":{"shapeName":"Chechelnyk","shapeID":"74538382B56756126132930","shapeType":"ADM2"}},
{"type":"Feature","geometry":{"type":"Polygon","coordinates":[[[29.545,48.395],[29.51,48.52],[29.205,48.57],[28.975,48.465],[29.18,48.3],[29.39,48.33],[29.545,48.395]]]},"properties":{"shapeName":"Trostianets","shapeID":"74538382B76388790181712","shapeType":"ADM2"}},
{"type":"Feature","geometry":{"type":"Polygon","coordinates":[[[29.06,48.145],[29.105,48.27],[28.67,48.17],[28.62,48.115],[28.95,47.98],[29.06,48.145]]]},"properties":{"shapeName":"Pishchanka","shapeID":"74538382B19464931464269","shapeType":"ADM2"}},
{"type":"Feature","geometry":{"type":"Polygon","coordinates":[[[28.975,48.465],[28.9,48.46],[28.605,48.275],[28.67,48.17],[29.105,48.27],[29.18,48.3],[28.975,48.465]]]},"properties":{"shapeName":"Kryzhopil","shapeID":"74538382B49727252906057","shapeType":"ADM2"}},
{"type":"Feature","geometry":{"type":"Polygon","coordinates":[[[29.54,49.355],[29.635,49.455],[29.615,49.495],[29.495,49.61],[29.06,49.545],[28.93,49.455],[29.255,49.33],[29.54,49.355]]]},"properties":{"shapeName":"Pohrebyshche","shapeID":"74538382B69268260028088","shapeType":"ADM2"}},
{"type":"Feature","geometry":{"type":"Polygon","coordinates":[[[29.06,49.545],[29,49.82],[28.98,49.86],[28.45,49.755],[28.455,49.695],[28.775,49.66],[28.865,49.465],[28.93,49.455],[29.06,49.545]]]},"properties":{"shapeName":"Koziatyn","shapeID":"74538382B65548017442564","shapeType":"ADM2"}},
{"type":"Feature","geometry":{"type":"Polygon","coordinates":[[[28.605,48.275],[28.375,48.38],[28.08,48.365],[28.08,48.28],[28.48,48.035],[28.62,48.115],[28.67,48.17],[28.605,48.275]]]},"properties":{"shapeName":"Yampil","shapeID":"74538382B68255145682197","shapeType":"ADM2"}},
{"type":"Feature","geometry":{"type":"Polygon","coordinates":[[[28.9,48.46],[28.545,48.525],[28.32,48.495],[28.375,48.38],[28.605,48.275],[28.9,48.46]]]},"properties":{"shapeName":"Tomashpil","shapeID":"74538382B70813216743380","shapeType":"ADM2"}},
{"type":"Feature","geometry":{"type":"Polygon","coordinates":[[[29.18,48.635],[28.78,48.79],[28.59,48.69],[28.545,48.525],[28.9,48.46],[28.975,48.465],[29.205,48.57],[29.18,48.635]]]},"properties":{"shapeName":"Tulchyn","shapeID":"74538382B13174941050792","shapeType":"ADM2"}},
{"type":"Feature","geometry":{"type":"Polygon","coordinates":[[[29.37,48.765],[29.145,49.09],[28.97,49.23],[28.74,49.105],[28.78,48.79],[29.18,48.635],[29.37,48.765]]]},"properties":{"shapeName":"Nemyriv","shapeID":"74538382B96857740504911","shapeType":"ADM2"}},
{"type":"Feature","geometry":{"type":"Polygon","coordinates":[[[29.36,49.215],[29.255,49.33],[28.93,49.455],[28.865,49.465],[28.735,49.415],[28.97,49.23],[29.145,49.09],[29.36,49.215]]]},"properties":{"shapeName":"Lypovets","shapeID":"74538382B32198153584627","shapeType":"ADM2"}},
{"type":"Feature","geometry":{"type":"Polygon","coordinates":[[[28.455,49.695],[28.34,49.605],[28.42,49.49],[28.735,49.415],[28.865,49.465],[28.775,49.66],[28.455,49.695]]]},"properties":{"shapeName":"Kalynivka","shapeID":"74538382B48236413060906","shapeType":"ADM2"}},
{"type":"Feature","geometry":{"type":"Polygon","coordinates":[[[28.97,49.23],[28.735,49.415],[28.42,49.49],[28.235,49.265],[28.36,49.18],[28.74,49.105],[28.97,49.23]]]},"properties":{"shapeName":"Vinnytsia","shapeID":"74538382B89307192182420","shapeType":"ADM2"}},
{"type":"Feature","geometry":{"type":"Polygon","coordinates":[[[28.78,48.79],[28.74,49.105],[28.36,49.18],[28.36,48.88],[28.59,48.69],[28.78,48.79]]]},"properties":{"shapeName":"Tyvriv","shapeID":"74538382B94405396686419","shapeType":"ADM2"}},
{"type":"Feature","geometry":{"type":"Polygon","coordinates":[[[28.545,48.525],[28.59,48.69],[28.36,48.88],[28.045,48.795],[27.945,48.74],[27.975,48.575],[28.32,48.495],[28.545,48.525]]]},"properties":{"shapeName":"Sharhorod","shapeID":"74538382B44263254033139","shapeType":"ADM2"}},
{"type":"Feature","geometry":{"type":"Polygon","coordinates":[[[28.375,48.38],[28.32,48.495],[27.975,48.575],[27.995,48.51],[28.08,48.365],[28.375,48.38]]]},"properties":{"shapeName":"Chernivtsi","shapeID":"74538382B29634078398489","shapeType":"ADM2"}},
{"type":"Feature","geometry":{"type":"Polygon","coordinates":[[[28.08,48.365],[27.995,48.51],[27.715,48.64],[27.42,48.585],[27.415,48.56],[27.575,48.445],[28.08,48.28],[28.08,48.365]]]},"properties":{"shapeName":"Mohyliv-Podilskyi","shapeID":"74538382B34820599431847","shapeType":"ADM2"}},
{"type":"Feature","geometry":{"type":"Polygon","coordinates":[[[27.945,48.74],[27.42,48.845],[27.385,48.82],[27.42,48.585],[27.715,48.64],[27.995,48.51],[27.975,48.575],[27.945,48.74]]]},"properties":{"shapeName":"Murovani Kurylivtsi","shapeID":"74538382B88010222583687","shapeType":"ADM2"}},
{"type":"Feature","geometry":{"type":"Polygon","coordinates":[[[28.045,48.795],[27.93,49.135],[27.54,49.05],[27.42,48.845],[27.945,48.74],[28.045,48.795]]]},"properties":{"shapeName":"Bar","shapeID":"74538382B24202642451616","shapeType":"ADM2"}},
{"type":"Feature","geometry":{"type":"Polygon","coordinates":[[[28.235,49.265],[27.93,49.135],[28.045,48.795],[28.36,48.88],[28.36,49.18],[28.235,49.265]]]},"properties":{"shapeName":"Zhmerynka","shapeID":"74538382B80669310769437","shapeType":"ADM2"}},
{"type":"Feature","geometry":{"type":"Polygon","coordinates":[[[28.34,49.605],[28.215,49.46],[27.865,49.555],[27.805,49.47],[27.9,49.225],[27.93,49.135],[28.235,49.265],[28.42,49.49],[28.34,49.605]]]},"properties":{"shapeName":"Lityn","shapeID":"74538382B83246565510085","shapeType":"ADM2"}},
{"type":"Feature","geometry":{"type":"Polygon","coordinates":[[[28.45,49.755],[28.35,49.8],[28.215,49.775],[27.975,49.745],[27.865,49.555],[28.215,49.46],[28.34,49.605],[28.455,49.695],[28.45,49.755]]]},"properties":{"shapeName":"Khmilnyk","shapeID":"74538382B34104046396179","shapeType":"ADM2"}},
{"type":"Feature","geometry":{"type":"Polygon","coordinates":[[[33.11,51.33],[32.845,51.38],[32.79,51.39],[32.595,51.185],[32.62,50.975],[32.79,50.87],[33.23,51.005],[33.085,51.075],[33.11,51.33]]]},"properties":{"shapeName":"Bakhmach","shapeID":"74538382B54341051528669","shapeType":"ADM2"}},
{"type":"Feature","geometry":{"type":"Polygon","coordinates":[[[33.235,51.46],[33.19,51.65],[33.135,51.805],[32.97,51.79],[32.845,51.38],[33.11,51.33],[33.235,51.46]]]},"properties":{"shapeName":"Korop","shapeID":"74538382B73193392833506","shapeType":"ADM2"}},
{"type":"Feature","geometry":{"type":"Polygon","coordinates":[[[33.435,52.09],[33.28,52.165],[33.4,52.36],[32.94,52.26],[32.745,51.94],[32.89,51.84],[32.97,51.79],[33.135,51.805],[33.435,52.09]]]},"properties":{"shapeName":"Novhorod-Siverskyi","shapeID":"74538382B3760492540112","shapeType":"ADM2"}},
{"type":"Feature","geometry":{"type":"Polygon","coordinates":[[[33.26,50.905],[33.23,51.005],[32.79,50.87],[32.88,50.775],[33.215,50.66],[33.26,50.905]]]},"properties":{"shapeName":"Talalaivka","shapeID":"74538382B53480442802738","shapeType":"ADM2"}},
{"type":"Feature","geometry":{"type":"Polygon","coordinates":[[[33.215,50.66],[32.88,50.775],[32.72,50.7],[32.835,50.55],[33.095,50.48],[33.14,50.515],[33.215,50.66]]]},"properties":{"shapeName":"Sribne","shapeID":"74538382B2732576684893","shapeType":"ADM2"}},
{"type":"Feature","geometry":{"type":"Polygon","coordinates":[[[33.095,50.48],[32.835,50.55],[32.545,50.395],[32.87,50.335],[33.065,50.425],[33.095,50.48]]]},"properties":{"shapeName":"Varva","shapeID":"74538382B64867960998855","shapeType":"ADM2"}},
{"type":"Feature","geometry":{"type":"Polygon","coordinates":[[[32.545,50.395],[32.835,50.55],[32.72,50.7],[32.28,50.73],[32.09,50.72],[32.015,50.63],[32.225,50.385],[32.28,50.33],[32.545,50.395]]]},"properties":{"shapeName":"Pryluky","shapeID":"74538382B22435039987726","shapeType":"ADM2"}},
{"type":"Feature","geometry":{"type":"Polygon","coordinates":[[[32.62,50.975],[32.335,51],[32.28,50.73],[32.72,50.7],[32.88,50.775],[32.79,50.87],[32.62,50.975]]]},"properties":{"shapeName":"Ichnia","shapeID":"74538382B66083941235299","shapeType":"ADM2"}},
{"type":"Feature","geometry":{"type":"Polygon","coordinates":[[[32.79,51.39],[32.385,51.365],[32.15,51.345],[32.225,51.23],[32.335,51],[32.62,50.975],[32.595,51.185],[32.79,51.39]]]},"properties":{"shapeName":"Borzna","shapeID":"74538382B98672866452807","shapeType":"ADM2"}},
{"type":"Feature","geometry":{"type":"Polygon","coordinates":[[[32.845,51.38],[32.97,51.79],[32.89,51.84],[32.73,51.67],[32.42,51.635],[32.385,51.365],[32.79,51.39],[32.845,51.38]]]},"properties":{"shapeName":"Sosnytsia","shapeID":"74538382B2815970127948","shapeType":"ADM2"}},
{"type":"Feature","geometry":{"type":"Polygon","coordinates":[[[32.94,52.26],[32.625,52.24],[32.33,52.31],[32.31,52.1],[32.745,51.94],[32.94,52.26]]]},"properties":{"shapeName":"Semenivka","shapeID":"74538382B79592812488535","shapeType":"ADM2"}},
{"type":"Feature","geometry":{"type":"Polygon","coordinates":[[[32.745,51.94],[32.31,52.1],[32.19,52.015],[32.375,51.885],[32.265,51.605],[32.42,51.635],[32.73,51.67],[32.89,51.84],[32.745,51.94]]]},"properties":{"shapeName":"Koriukivka","shapeID":"74538382B49232640151190","shapeType":"ADM2"}},
{"type":"Feature","geometry":{"type":"Polygon","coordinates":[[[32.385,51.365],[32.42,51.635],[32.265,51.605],[31.975,51.71],[31.79,51.675],[31.745,51.48],[32.15,51.345],[32.385,51.365]]]},"properties":{"shapeName":"Mena","shapeID":"74538382B90390774066886","shapeType":"ADM2"}},
{"type":"Feature","geometry":{"type":"Polygon","coordinates":[[[32.19,52.015],[31.925,52.06],[31.81,51.87],[31.975,51.71],[32.265,51.605],[32.375,51.885],[32.19,52.015]]]},"properties":{"shapeName":"Snovsk","shapeID":"74538382B13559545331448","shapeType":"ADM2"}},
{"type":"Feature","geometry":{"type":"Polygon","coordinates":[[[32.335,51],[32.225,51.23],[31.74,51.195],[31.71,51.09],[31.87,51.045],[32.09,50.72],[32.28,50.73],[32.335,51]]]},"properties":{"shapeName":"Nizhyn","shapeID":"74538382B46710488362187","shapeType":"ADM2"}},
{"type":"Feature","geometry":{"type":"Polygon","coordinates":[[[32.15,51.345],[31.745,51.48],[31.485,51.145],[31.54,51.09],[31.71,51.09],[31.74,51.195],[32.225,51.23],[32.15,51.345]]]},"properties":{"shapeName":"Kulykivka","shapeID":"74538382B79532442350116","shapeType":"ADM2"}},
{"type":"Feature","geometry":{"type":"Polygon","coordinates":[[[31.71,51.09],[31.54,51.09],[31.475,50.86],[31.755,50.865],[31.97,50.63],[32.015,50.63],[32.09,50.72],[31.87,51.045],[31.71,51.09]]]},"properties":{"shapeName":"Nosivka","shapeID":"74538382B60114922915625","shapeType":"ADM2"}},
{"type":"Feature","geometry":{"type":"Polygon","coordinates":[[[31.475,50.86],[31.265,50.75],[31.435,50.51],[31.71,50.495],[31.97,50.63],[31.755,50.865],[31.475,50.86]]]},"properties":{"shapeName":"Bobrovytsia","shapeID":"74538382B51921119694159","shapeType":"ADM2"}},
{"type":"Feature","geometry":{"type":"Polygon","coordinates":[[[31.485,51.145],[31.12,51.255],[30.68,51.18],[30.69,51.08],[30.865,50.8],[31.265,50.75],[31.475,50.86],[31.54,51.09],[31.485,51.145]]]},"properties":{"shapeName":"Kozelets","shapeID":"74538382B36516129113863","shapeType":"ADM2"}},
{"type":"Feature","geometry":{"type":"Polygon","coordinates":[[[31.79,51.675],[31.37,51.75],[31.045,51.445],[30.745,51.39],[30.665,51.265],[30.68,51.18],[31.12,51.255],[31.485,51.145],[31.745,51.48],[31.79,51.675]]]},"properties":{"shapeName":"Chernihiv","shapeID":"74538382B44220139144156","shapeType":"ADM2"}},
{"type":"Feature","geometry":{"type":"Polygon","coordinates":[[[31.975,51.71],[31.81,51.87],[31.925,52.06],[31.35,52.14],[31.25,52.05],[31.37,51.75],[31.79,51.675],[31.975,51.71]]]},"properties":{"shapeName":"Horodnia","shapeID":"74538382B77165188287872","shapeType":"ADM2"}},
{"type":"Feature","geometry":{"type":"Polygon","coordinates":[[[31.37,51.75],[31.25,52.05],[30.93,52.095],[30.625,51.64],[30.745,51.39],[31.045,51.445],[31.37,51.75]]]},"properties":{"shapeName":"Ripky","shapeID":"74538382B14499181024319","shapeType":"ADM2"}},
{"type":"Feature","geometry":{"type":"Polygon","coordinates":[[[27.415,48.56],[27.125,48.465],[27.15,48.34],[27.36,48.31],[27.575,48.445],[27.415,48.56]]]},"properties":{"shapeName":"Sokyriany","shapeID":"74538382B66987741978303","shapeType":"ADM2"}},
{"type":"Feature","geometry":{"type":"Polygon","coordinates":[[[27.125,48.465],[27.11,48.515],[26.815,48.545],[26.55,48.42],[26.67,48.35],[26.79,48.265],[27.15,48.34],[27.125,48.465]]]},"properties":{"shapeName":"Kelmentsi","shapeID":"74538382B31362091857930","shapeType":"ADM2"}},
{"type":"Feature","geometry":{"type":"Polygon","coordinates":[[[26.55,48.42],[26.54,48.455],[26.285,48.48],[26.175,48.39],[26.3,48.28],[26.67,48.35],[26.55,48.42]]]},"properties":{"shapeName":"Khotyn","shapeID":"74538382B59394362470608","shapeType":"ADM2"}},
{"type":"Feature","geometry":{"type":"Polygon","coordinates":[[[26.67,48.35],[26.3,48.28],[26.175,48.39],[26.025,48.355],[26.05,48.21],[26.37,48.13],[26.79,48.265],[26.67,48.35]]]},"properties":{"shapeName":"Novoselytsia","shapeID":"74538382B19402975726216","shapeType":"ADM2"}},
{"type":"Feature","geometry":{"type":"Polygon","coordinates":[[[26.05,48.21],[26.015,48.175],[26.23,47.995],[26.37,48.13],[26.05,48.21]]]},"properties":{"shapeName":"Hertsa","shapeID":"74538382B90476934992990","shapeType":"ADM2"}},
{"type":"Feature","geometry":{"type":"Polygon","coordinates":[[[26.015,48.175],[25.955,48.145],[25.78,47.92],[25.975,47.875],[26.23,47.995],[26.015,48.175]]]},"properties":{"shapeName":"Hlyboka","shapeID":"74538382B92550814183987","shapeType":"ADM2"}},
{"type":"Feature","geometry":{"type":"Polygon","coordinates":[[[26.285,48.48],[26.085,48.615],[25.72,48.605],[25.695,48.54],[26.025,48.355],[26.175,48.39],[26.285,48.48]]]},"properties":{"shapeName":"Zastavna","shapeID":"74538382B84300639272242","shapeType":"ADM2"}},
{"type":"Feature","geometry":{"type":"Polygon","coordinates":[[[26.025,48.355],[25.695,48.54],[25.615,48.36],[25.61,48.21],[25.955,48.145],[26.015,48.175],[26.05,48.21],[26.025,48.355]]]},"properties":{"shapeName":"Kitsman","shapeID":"74538382B32943992723151","shapeType":"ADM2"}},
{"type":"Feature","geometry":{"type":"Polygon","coordinates":[[[25.955,48.145],[25.61,48.21],[25.405,48.02],[25.535,47.9],[25.78,47.92],[25.955,48.145]]]},"properties":{"shapeName":"Storozhynets","shapeID":"74538382B50216081867244","shapeType":"ADM2"}},
{"type":"Feature","geometry":{"type":"Polygon","coordinates":[[[25.615,48.36],[25.375,48.285],[25.17,48.095],[25.41,47.85],[25.535,47.9],[25.405,48.02],[25.61,48.21],[25.615,48.36]]]},"properties":{"shapeName":"Vyzhnytsia","shapeID":"74538382B46813680897661","shapeType":"ADM2"}},
{"type":"Feature","geometry":{"type":"Polygon","coordinates":[[[25.17,48.095],[25.065,48.1],[24.895,47.72],[25.13,47.7],[25.41,47.85],[25.17,48.095]]]},"properties":{"shapeName":"Putyla","shapeID":"74538382B95854535176158","shapeType":"ADM2"}},
{"type":"Feature","geometry":{"type":"Polygon","coordinates":[[[32.015,50.63],[31.97,50.63],[31.71,50.495],[31.85,50.315],[32.225,50.385],[32.015,50.63]]]},"properties":{"shapeName":"Zghurivka","shapeID":"74538382B56048434461160","shapeType":"ADM2"}},
{"type":"Feature","geometry":{"type":"Polygon","coordinates":[[[32.28,50.33],[32.225,50.385],[31.85,50.315],[31.825,50.205],[31.985,50.02],[32.065,49.995],[32.26,50.19],[32.295,50.205],[32.28,50.33]]]},"properties":{"shapeName":"Yahotyn","shapeID":"74538382B27817216475835","shapeType":"ADM2"}},
{"type":"Feature","geometry":{"type":"Polygon","coordinates":[[[31.985,50.02],[31.825,50.205],[31.31,50.16],[31.42,50.07],[31.55,49.915],[31.865,49.83],[31.985,50.02]]]},"properties":{"shapeName":"Pereiaslav-Khmelnytskyi","shapeID":"74538382B16214498015051","shapeType":"ADM2"}},
{"type":"Feature","geometry":{"type":"Polygon","coordinates":[[[31.435,50.51],[31.255,50.345],[31.31,50.16],[31.825,50.205],[31.85,50.315],[31.71,50.495],[31.435,50.51]]]},"properties":{"shapeName":"Baryshivka","shapeID":"74538382B22204754731181","shapeType":"ADM2"}},
{"type":"Feature","geometry":{"type":"Polygon","coordinates":[[[29.92,49.14],[30.115,49.28],[30.02,49.375],[29.635,49.455],[29.54,49.355],[29.755,49.185],[29.92,49.14]]]},"properties":{"shapeName":"Tetiiv","shapeID":"74538382B22798691386848","shapeType":"ADM2"}},
{"type":"Feature","geometry":{"type":"Polygon","coordinates":[[[30.525,49.295],[30.535,49.35],[30.38,49.48],[30.215,49.515],[30.02,49.375],[30.115,49.28],[30.525,49.295]]]},"properties":{"shapeName":"Stavyshche","shapeID":"74538382B40749537195929","shapeType":"ADM2"}},
{"type":"Feature","geometry":{"type":"Polygon","coordinates":[[[30.72,49.36],[30.76,49.56],[30.415,49.55],[30.38,49.48],[30.535,49.35],[30.72,49.36]]]},"properties":{"shapeName":"Tarashcha","shapeID":"74538382B17419757649625","shapeType":"ADM2"}},
{"type":"Feature","geometry":{"type":"Polygon","coordinates":[[[31.22,49.49],[30.835,49.565],[30.76,49.56],[30.72,49.36],[31.035,49.36],[31.22,49.49]]]},"properties":{"shapeName":"Bohuslav","shapeID":"74538382B9928068726640","shapeType":"ADM2"}},
{"type":"Feature","geometry":{"type":"Polygon","coordinates":[[[30.02,49.375],[30.215,49.515],[29.88,49.61],[29.615,49.495],[29.635,49.455],[30.02,49.375]]]},"properties":{"shapeName":"Volodarka","shapeID":"74538382B617661136852","shapeType":"ADM2"}},
{"type":"Feature","geometry":{"type":"Polygon","coordinates":[[[31.55,49.915],[31.42,50.07],[31.415,50.03],[31.11,49.7],[30.865,49.645],[30.835,49.565],[31.22,49.49],[31.26,49.53],[31.39,49.67],[31.355,49.855],[31.55,49.915]]]},"properties":{"shapeName":"Myronivka","shapeID":"74538382B62388892645700","shapeType":"ADM2"}},
{"type":"Feature","geometry":{"type":"Polygon","coordinates":[[[30.76,49.56],[30.835,49.565],[30.865,49.645],[30.725,49.805],[30.415,49.55],[30.76,49.56]]]},"properties":{"shapeName":"Rokytne","shapeID":"74538382B34512881177192","shapeType":"ADM2"}},
{"type":"Feature","geometry":{"type":"Polygon","coordinates":[[[31.415,50.03],[31.115,50.01],[30.725,49.9],[30.725,49.805],[30.865,49.645],[31.11,49.7],[31.415,50.03]]]},"properties":{"shapeName":"Kaharlyk","shapeID":"74538382B43652074637145","shapeType":"ADM2"}},
{"type":"Feature","geometry":{"type":"Polygon","coordinates":[[[30.38,49.48],[30.415,49.55],[30.725,49.805],[30.725,49.9],[30.625,49.94],[30.265,49.965],[30.11,49.845],[29.88,49.61],[30.215,49.515],[30.38,49.48]]]},"properties":{"shapeName":"Bila Tserkva","shapeID":"74538382B23081700474846","shapeType":"ADM2"}},
{"type":"Feature","geometry":{"type":"Polygon","coordinates":[[[29.615,49.495],[29.88,49.61],[30.11,49.845],[29.8,49.885],[29.52,49.775],[29.495,49.61],[29.615,49.495]]]},"properties":{"shapeName":"Skvyra","shapeID":"74538382B88503218872177","shapeType":"ADM2"}},
{"type":"Feature","geometry":{"type":"Polygon","coordinates":[[[30.265,49.965],[30.37,50.15],[30.16,50.21],[29.855,50.225],[29.8,50.185],[29.8,49.885],[30.11,49.845],[30.265,49.965]]]},"properties":{"shapeName":"Fastiv","shapeID":"74538382B37624707153101","shapeType":"ADM2"}},
{"type":"Feature","geometry":{"type":"Polygon","coordinates":[[[30.625,49.94],[30.705,50.245],[30.635,50.265],[30.23,50.28],[30.16,50.21],[30.37,50.15],[30.265,49.965],[30.625,49.94]]]},"properties":{"shapeName":"Vasylkiv","shapeID":"74538382B61184512329122","shapeType":"ADM2"}},
{"type":"Feature","geometry":{"type":"Polygon","coordinates":[[[31.115,50.01],[30.76,50.2],[30.705,50.245],[30.625,49.94],[30.725,49.9],[31.115,50.01]]]},"properties":{"shapeName":"Obukhiv","shapeID":"74538382B76274417735531","shapeType":"ADM2"}},
{"type":"Feature","geometry":{"type":"Polygon","coordinates":[[[31.31,50.16],[31.255,50.345],[31.435,50.51],[30.95,50.385],[30.76,50.2],[31.115,50.01],[31.415,50.03],[31.42,50.07],[31.31,50.16]]]},"properties":{"shapeName":"Boryspil","shapeID":"74538382B74226948291525","shapeType":"ADM2"}},
{"type":"Feature","geometry":{"type":"Polygon","coordinates":[[[31.265,50.75],[30.865,50.8],[30.685,50.54],[30.95,50.385],[31.435,50.51],[31.265,50.75]]]},"properties":{"shapeName":"Brovary","shapeID":"74538382B7147656565480","shapeType":"ADM2"}},
{"type":"Feature","geometry":{"type":"Polygon","coordinates":[[[30.95,50.385],[30.685,50.54],[30.49,50.585],[30.335,50.425],[30.635,50.265],[30.705,50.245],[30.76,50.2],[30.95,50.385]]]},"properties":{"shapeName":"Kyiv","shapeID":"74538382B60890943260132","shapeType":"ADM2"}},
{"type":"Feature","geometry":{"type":"Polygon","coordinates":[[[30.16,50.21],[30.23,50.28],[30.095,50.5],[29.83,50.6],[29.605,50.565],[29.525,50.41],[29.855,50.225],[30.16,50.21]]]},"properties":{"shapeName":"Makariv","shapeID":"74538382B93599873315599","shapeType":"ADM2"}},
{"type":"Feature","geometry":{"type":"Polygon","coordinates":[[[30.635,50.265],[30.335,50.425],[30.49,50.585],[30.365,50.595],[30.095,50.5],[30.23,50.28],[30.635,50.265]]]},"properties":{"shapeName":"Kyiv-Sviatoshyn","shapeID":"74538382B73944053970257","shapeType":"ADM2"}},
{"type":"Feature","geometry":{"type":"Polygon","coordinates":[[[30.69,51.08],[30.28,50.97],[30.305,50.745],[30.365,50.595],[30.49,50.585],[30.685,50.54],[30.865,50.8],[30.69,51.08]]]},"properties":{"shapeName":"Vyshhorod","shapeID":"74538382B47612746607547","shapeType":"ADM2"}},
{"type":"Feature","geometry":{"type":"Polygon","coordinates":[[[30.095,50.5],[30.365,50.595],[30.305,50.745],[29.71,50.77],[29.605,50.565],[29.83,50.6],[30.095,50.5]]]},"properties":{"shapeName":"Borodianka","shapeID":"74538382B66487059537692","shapeType":"ADM2"}},
{"type":"Feature","geometry":{"type":"Polygon","coordinates":[[[30.69,51.08],[30.68,51.18],[30.665,51.265],[30.245,51.495],[29.85,51.445],[30.1,51.135],[29.6,50.97],[29.54,50.935],[29.59,50.77],[29.71,50.77],[30.305,50.745],[30.28,50.97],[30.69,51.08]]]},"properties":{"shapeName":"Ivankiv","shapeID":"74538382B4751802602524","shapeType":"ADM2"}},
{"type":"Feature","geometry":{"type":"Polygon","coordinates":[[[29.85,51.445],[29.465,51.35],[29.6,50.97],[30.1,51.135],[29.85,51.445]]]},"properties":{"shapeName":"Poliske","shapeID":"74538382B10593574397068","shapeType":"ADM2"}},
{"type":"Feature","geometry":{"type":"Polygon","coordinates":[[[25.065,48.1],[24.815,48.255],[24.605,48.085],[24.64,47.93],[24.895,47.72],[25.065,48.1]]]},"properties":{"shapeName":"Verkhovyna","shapeID":"74538382B19184608500024","shapeType":"ADM2"}},
{"type":"Feature","geometry":{"type":"Polygon","coordinates":[[[25.375,48.285],[25.28,48.42],[24.885,48.4],[24.815,48.255],[25.065,48.1],[25.17,48.095],[25.375,48.285]]]},"properties":{"shapeName":"Kosiv","shapeID":"74538382B20694939957091","shapeType":"ADM2"}},
{"type":"Feature","geometry":{"type":"Polygon","coordinates":[[[25.695,48.54],[25.39,48.515],[25.28,48.42],[25.375,48.285],[25.615,48.36],[25.695,48.54]]]},"properties":{"shapeName":"Sniatyn","shapeID":"74538382B36952464312213","shapeType":"ADM2"}},
{"type":"Feature","geometry":{"type":"Polygon","coordinates":[[[25.72,48.605],[25.635,48.71],[25.375,48.71],[25.29,48.585],[25.39,48.515],[25.695,48.54],[25.72,48.605]]]},"properties":{"shapeName":"Horodenka","shapeID":"74538382B30474831618663","shapeType":"ADM2"}},
{"type":"Feature","geometry":{"type":"Polygon","coordinates":[[[27.42,48.585],[27.385,48.82],[27.19,48.84],[27.09,48.64],[27.11,48.515],[27.125,48.465],[27.415,48.56],[27.42,48.585]]]},"properties":{"shapeName":"Nova Ushytsia","shapeID":"74538382B6752863603231","shapeType":"ADM2"}},
{"type":"Feature","geometry":{"type":"Polygon","coordinates":[[[27.11,48.515],[27.09,48.64],[26.66,48.83],[26.275,48.685],[26.54,48.455],[26.55,48.42],[26.815,48.545],[27.11,48.515]]]},"properties":{"shapeName":"Kamianets-Podilskyi","shapeID":"74538382B35313257426644","shapeType":"ADM2"}},
{"type":"Feature","geometry":{"type":"Polygon","coordinates":[[[27.19,48.84],[27.09,48.915],[26.82,48.985],[26.65,48.97],[26.66,48.83],[27.09,48.64],[27.19,48.84]]]},"properties":{"shapeName":"Dunaivti","shapeID":"74538382B65826514960499","shapeType":"ADM2"}},
{"type":"Feature","geometry":{"type":"Polygon","coordinates":[[[26.66,48.83],[26.65,48.97],[26.29,49.035],[26.26,49.01],[26.235,48.875],[26.275,48.685],[26.66,48.83]]]},"properties":{"shapeName":"Chemerivtsi","shapeID":"74538382B91689640579793","shapeType":"ADM2"}},
{"type":"Feature","geometry":{"type":"Polygon","coordinates":[[[27.42,48.845],[27.54,49.05],[27.235,49.12],[27.09,48.915],[27.19,48.84],[27.385,48.82],[27.42,48.845]]]},"properties":{"shapeName":"Vinkivtsi","shapeID":"74538382B36449186606554","shapeType":"ADM2"}},
{"type":"Feature","geometry":{"type":"Polygon","coordinates":[[[27.93,49.135],[27.9,49.225],[27.36,49.25],[27.24,49.215],[27.235,49.12],[27.54,49.05],[27.93,49.135]]]},"properties":{"shapeName":"Derazhnia","shapeID":"74538382B86638641463315","shapeType":"ADM2"}},
{"type":"Feature","geometry":{"type":"Polygon","coordinates":[[[27.09,48.915],[27.235,49.12],[27.24,49.215],[26.855,49.22],[26.82,48.985],[27.09,48.915]]]},"properties":{"shapeName":"Yarmolyntsi","shapeID":"74538382B47304203822520","shapeType":"ADM2"}},
{"type":"Feature","geometry":{"type":"Polygon","coordinates":[[[26.82,48.985],[26.855,49.22],[26.63,49.295],[26.295,49.295],[26.29,49.035],[26.65,48.97],[26.82,48.985]]]},"properties":{"shapeName":"Horodok","shapeID":"74538382B30351514928450","shapeType":"ADM2"}},
{"type":"Feature","geometry":{"type":"Polygon","coordinates":[[[27.805,49.47],[27.445,49.485],[27.315,49.495],[27.36,49.25],[27.9,49.225],[27.805,49.47]]]},"properties":{"shapeName":"Letychiv","shapeID":"74538382B98424349787745","shapeType":"ADM2"}},
{"type":"Feature","geometry":{"type":"Polygon","coordinates":[[[27.36,49.25],[27.315,49.495],[27.185,49.485],[26.79,49.53],[26.63,49.295],[26.855,49.22],[27.24,49.215],[27.36,49.25]]]},"properties":{"shapeName":"Khmelnytskyi","shapeID":"74538382B37791268598116","shapeType":"ADM2"}},
{"type":"Feature","geometry":{"type":"Polygon","coordinates":[[[26.63,49.295],[26.79,49.53],[26.645,49.645],[26.25,49.69],[26.175,49.48],[26.275,49.335],[26.295,49.295],[26.63,49.295]]]},"properties":{"shapeName":"Volochysk","shapeID":"74538382B71334227440013","shapeType":"ADM2"}},
{"type":"Feature","geometry":{"type":"Polygon","coordinates":[[[27.865,49.555],[27.975,49.745],[27.805,49.81],[27.575,49.725],[27.445,49.485],[27.805,49.47],[27.865,49.555]]]},"properties":{"shapeName":"Stara Syniava","shapeID":"74538382B7503756017754","shapeType":"ADM2"}},
{"type":"Feature","geometry":{"type":"Polygon","coordinates":[[[27.445,49.485],[27.575,49.725],[27.805,49.81],[27.645,49.895],[27.345,49.9],[27.06,49.865],[27.055,49.835],[27.185,49.485],[27.315,49.495],[27.445,49.485]]]},"properties":{"shapeName":"Starokostiantyniv\t","shapeID":"74538382B5461763089897","shapeType":"ADM2"}},
{"type":"Feature","geometry":{"type":"Polygon","coordinates":[[[27.185,49.485],[27.055,49.835],[26.75,49.85],[26.645,49.645],[26.79,49.53],[27.185,49.485]]]},"properties":{"shapeName":"Krasyliv","shapeID":"74538382B48627824985747","shapeType":"ADM2"}},
{"type":"Feature","geometry":{"type":"Polygon","coordinates":[[[26.645,49.645],[26.75,49.85],[26.67,49.93],[26.245,49.81],[26.25,49.69],[26.645,49.645]]]},"properties":{"shapeName":"Teofipol","shapeID":"74538382B9733134987595","shapeType":"ADM2"}},
{"type":"Feature","geometry":{"type":"Polygon","coordinates":[[[26.67,49.93],[26.495,50.125],[26.26,50.11],[26.28,50.02],[26.245,49.81],[26.67,49.93]]]},"properties":{"shapeName":"Bilohiria","shapeID":"74538382B80427643782366","shapeType":"ADM2"}},
{"type":"Feature","geometry":{"type":"Polygon","coordinates":[[[27.06,49.865],[26.965,50.23],[26.69,50.33],[26.495,50.125],[26.67,49.93],[26.75,49.85],[27.055,49.835],[27.06,49.865]]]},"properties":{"shapeName":"Iziaslav","shapeID":"74538382B9177697938380","shapeType":"ADM2"}},
{"type":"Feature","geometry":{"type":"Polygon","coordinates":[[[27.645,49.895],[27.69,50.065],[27.685,50.245],[27.555,50.2],[27.345,49.9],[27.645,49.895]]]},"properties":{"shapeName":"Polonne","shapeID":"74538382B39868472225272","shapeType":"ADM2"}},
{"type":"Feature","geometry":{"type":"Polygon","coordinates":[[[27.345,49.9],[27.555,50.2],[27.28,50.35],[26.965,50.23],[27.06,49.865],[27.345,49.9]]]},"properties":{"shapeName":"Shepetika","shapeID":"74538382B24249088550475","shapeType":"ADM2"}},
{"type":"Feature","geometry":{"type":"Polygon","coordinates":[[[26.965,50.23],[27.28,50.35],[27.345,50.465],[27.265,50.525],[27.135,50.545],[26.925,50.515],[26.69,50.33],[26.965,50.23]]]},"properties":{"shapeName":"Slavuta","shapeID":"74538382B69155666487417","shapeType":"ADM2"}},
{"type":"Feature","geometry":{"type":"Polygon","coordinates":[[[29.495,49.61],[29.52,49.775],[29.385,49.81],[29,49.82],[29.06,49.545],[29.495,49.61]]]},"properties":{"shapeName":"Ruzhyn","shapeID":"74538382B99424317893885","shapeType":"ADM2"}},
{"type":"Feature","geometry":{"type":"Polygon","coordinates":[[[29.8,49.885],[29.8,50.185],[29.5,50.095],[29.385,49.81],[29.52,49.775],[29.8,49.885]]]},"properties":{"shapeName":"Popilnia","shapeID":"74538382B13053028483551","shapeType":"ADM2"}},
{"type":"Feature","geometry":{"type":"Polygon","coordinates":[[[29.855,50.225],[29.525,50.41],[29.45,50.37],[29.46,50.135],[29.5,50.095],[29.8,50.185],[29.855,50.225]]]},"properties":{"shapeName":"Brusyliv","shapeID":"74538382B38609283059110","shapeType":"ADM2"}},
{"type":"Feature","geometry":{"type":"Polygon","coordinates":[[[29.385,49.81],[29.5,50.095],[29.46,50.135],[29.23,50.24],[28.995,50.11],[28.98,49.86],[29,49.82],[29.385,49.81]]]},"properties":{"shapeName":"Andrushivka","shapeID":"74538382B75855496887574","shapeType":"ADM2"}},
{"type":"Feature","geometry":{"type":"Polygon","coordinates":[[[28.98,49.86],[28.995,50.11],[28.65,50.075],[28.35,49.8],[28.45,49.755],[28.98,49.86]]]},"properties":{"shapeName":"Berdychiv","shapeID":"74538382B58798821419341","shapeType":"ADM2"}},
{"type":"Feature","geometry":{"type":"Polygon","coordinates":[[[28.35,49.8],[28.65,50.075],[28.33,50.185],[28.095,50.005],[28.215,49.775],[28.35,49.8]]]},"properties":{"shapeName":"Chudniv","shapeID":"74538382B45059422214147","shapeType":"ADM2"}},
{"type":"Feature","geometry":{"type":"Polygon","coordinates":[[[28.215,49.775],[28.095,50.005],[27.69,50.065],[27.645,49.895],[27.805,49.81],[27.975,49.745],[28.215,49.775]]]},"properties":{"shapeName":"Liubar","shapeID":"74538382B80884786840021","shapeType":"ADM2"}},
{"type":"Feature","geometry":{"type":"Polygon","coordinates":[[[27.69,50.065],[28.095,50.005],[28.33,50.185],[28.335,50.39],[28.26,50.42],[28.015,50.29],[27.685,50.245],[27.69,50.065]]]},"properties":{"shapeName":"Romaniv","shapeID":"74538382B64394372263090","shapeType":"ADM2"}},
{"type":"Feature","geometry":{"type":"Polygon","coordinates":[[[29.23,50.24],[28.92,50.41],[28.54,50.41],[28.335,50.39],[28.33,50.185],[28.65,50.075],[28.995,50.11],[29.23,50.24]]]},"properties":{"shapeName":"Zhytomyr","shapeID":"74538382B57692221763967","shapeType":"ADM2"}},
{"type":"Feature","geometry":{"type":"Polygon","coordinates":[[[29.45,50.37],[29.175,50.545],[28.92,50.41],[29.23,50.24],[29.46,50.135],[29.45,50.37]]]},"properties":{"shapeName":"Korostyshiv","shapeID":"74538382B95360083052097","shapeType":"ADM2"}},
{"type":"Feature","geometry":{"type":"Polygon","coordinates":[[[29.605,50.565],[29.71,50.77],[29.59,50.77],[29.425,50.695],[29.035,50.745],[29.175,50.545],[29.45,50.37],[29.525,50.41],[29.605,50.565]]]},"properties":{"shapeName":"Radomyshl","shapeID":"74538382B29600786349581","shapeType":"ADM2"}},
{"type":"Feature","geometry":{"type":"Polygon","coordinates":[[[28.92,50.41],[29.175,50.545],[29.035,50.745],[29.005,50.745],[28.94,50.635],[28.615,50.555],[28.54,50.41],[28.92,50.41]]]},"properties":{"shapeName":"Cherniakhiv","shapeID":"74538382B60330166440880","shapeType":"ADM2"}},
{"type":"Feature","geometry":{"type":"Polygon","coordinates":[[[27.685,50.245],[28.015,50.29],[28.26,50.42],[28.015,50.545],[27.345,50.465],[27.28,50.35],[27.555,50.2],[27.685,50.245]]]},"properties":{"shapeName":"Baranivka","shapeID":"74538382B58237861988874","shapeType":"ADM2"}},
{"type":"Feature","geometry":{"type":"Polygon","coordinates":[[[28.335,50.39],[28.54,50.41],[28.615,50.555],[28.435,50.785],[28.22,50.765],[28.015,50.545],[28.26,50.42],[28.335,50.39]]]},"properties":{"shapeName":"Pulyny","shapeID":"74538382B63160428645400","shapeType":"ADM2"}},
{"type":"Feature","geometry":{"type":"Polygon","coordinates":[[[29.005,50.745],[28.905,50.81],[28.52,50.82],[28.435,50.785],[28.615,50.555],[28.94,50.635],[29.005,50.745]]]},"properties":{"shapeName":"Khoroshiv","shapeID":"74538382B5063322332018","shapeType":"ADM2"}},
{"type":"Feature","geometry":{"type":"Polygon","coordinates":[[[29.54,50.935],[29.175,50.98],[28.905,50.81],[29.005,50.745],[29.035,50.745],[29.425,50.695],[29.59,50.77],[29.54,50.935]]]},"properties":{"shapeName":"Malyn","shapeID":"74538382B40041339344288","shapeType":"ADM2"}},
{"type":"Feature","geometry":{"type":"Polygon","coordinates":[[[29.465,51.35],[29.39,51.395],[29.05,51.22],[29.175,50.98],[29.54,50.935],[29.6,50.97],[29.465,51.35]]]},"properties":{"shapeName":"Narodychi","shapeID":"74538382B60921908613861","shapeType":"ADM2"}},
{"type":"Feature","geometry":{"type":"Polygon","coordinates":[[[27.345,50.465],[28.015,50.545],[28.22,50.765],[27.785,50.88],[27.67,51.11],[27.505,51.19],[27.41,51.08],[27.305,50.795],[27.265,50.525],[27.345,50.465]]]},"properties":{"shapeName":"Zviahel","shapeID":"74538382B7363516927626","shapeType":"ADM2"}},
{"type":"Feature","geometry":{"type":"Polygon","coordinates":[[[28.435,50.785],[28.52,50.82],[28.4,50.99],[28.285,51.195],[27.67,51.11],[27.785,50.88],[28.22,50.765],[28.435,50.785]]]},"properties":{"shapeName":"Yemilchyne","shapeID":"74538382B40940873671576","shapeType":"ADM2"}},
{"type":"Feature","geometry":{"type":"Polygon","coordinates":[[[28.905,50.81],[29.175,50.98],[29.05,51.22],[28.95,51.23],[28.64,50.95],[28.4,50.99],[28.52,50.82],[28.905,50.81]]]},"properties":{"shapeName":"Korosten","shapeID":"74538382B96819013794956","shapeType":"ADM2"}},
{"type":"Feature","geometry":{"type":"Polygon","coordinates":[[[28.4,50.99],[28.64,50.95],[28.95,51.23],[28.75,51.295],[28.345,51.275],[28.285,51.195],[28.4,50.99]]]},"properties":{"shapeName":"Luhyny","shapeID":"74538382B69405527085585","shapeType":"ADM2"}},
{"type":"Feature","geometry":{"type":"Polygon","coordinates":[[[29.39,51.395],[29.24,51.62],[28.845,51.43],[28.655,51.585],[28.215,51.6],[28.345,51.275],[28.75,51.295],[28.95,51.23],[29.05,51.22],[29.39,51.395]]]},"properties":{"shapeName":"Ovruch","shapeID":"74538382B68825553908118","shapeType":"ADM2"}},
{"type":"Feature","geometry":{"type":"Polygon","coordinates":[[[27.67,51.11],[28.285,51.195],[28.345,51.275],[28.215,51.6],[27.88,51.545],[27.605,51.435],[27.505,51.19],[27.67,51.11]]]},"properties":{"shapeName":"Olevsk","shapeID":"74538382B52142389762962","shapeType":"ADM2"}},
{"type":"Feature","geometry":{"type":"Polygon","coordinates":[[[24.605,48.085],[24.625,48.225],[24.31,48.34],[23.83,48.065],[23.865,47.99],[24.3,47.865],[24.64,47.93],[24.605,48.085]]]},"properties":{"shapeName":"Rakhiv","shapeID":"74538382B22557738225705","shapeType":"ADM2"}},
{"type":"Feature","geometry":{"type":"Polygon","coordinates":[[[24.31,48.34],[24.19,48.515],[23.92,48.545],[23.805,48.355],[23.59,48.02],[23.865,47.99],[23.83,48.065],[24.31,48.34]]]},"properties":{"shapeName":"Tiachiv","shapeID":"74538382B28282753236246","shapeType":"ADM2"}},
{"type":"Feature","geometry":{"type":"Polygon","coordinates":[[[23.805,48.355],[23.495,48.4],[23.21,48.195],[23.305,48.045],[23.59,48.02],[23.805,48.355]]]},"properties":{"shapeName":"Khust","shapeID":"74538382B83702656309397","shapeType":"ADM2"}},
{"type":"Feature","geometry":{"type":"Polygon","coordinates":[[[23.92,48.545],[23.89,48.585],[23.625,48.68],[23.41,48.72],[23.335,48.615],[23.4,48.51],[23.495,48.4],[23.805,48.355],[23.92,48.545]]]},"properties":{"shapeName":"Mizhhiria","shapeID":"74538382B15580280288408","shapeType":"ADM2"}},
{"type":"Feature","geometry":{"type":"Polygon","coordinates":[[[23.21,48.195],[22.88,48.16],[22.885,48.05],[23.11,47.965],[23.305,48.045],[23.21,48.195]]]},"properties":{"shapeName":"Vynohradiv","shapeID":"74538382B49148069101278","shapeType":"ADM2"}},
{"type":"Feature","geometry":{"type":"Polygon","coordinates":[[[23.495,48.4],[23.4,48.51],[23.32,48.4],[22.96,48.46],[22.855,48.255],[22.88,48.16],[23.21,48.195],[23.495,48.4]]]},"properties":{"shapeName":"Irshava","shapeID":"74538382B3065549299103","shapeType":"ADM2"}},
{"type":"Feature","geometry":{"type":"Polygon","coordinates":[[[22.88,48.16],[22.855,48.255],[22.5,48.38],[22.35,48.355],[22.595,48.09],[22.885,48.05],[22.88,48.16]]]},"properties":{"shapeName":"Berehove","shapeID":"74538382B96313823976943","shapeType":"ADM2"}},
{"type":"Feature","geometry":{"type":"Polygon","coordinates":[[[23.41,48.72],[23.255,48.795],[22.97,48.87],[22.925,48.825],[23.005,48.71],[23.335,48.615],[23.41,48.72]]]},"properties":{"shapeName":"Volovets","shapeID":"74538382B62918888567345","shapeType":"ADM2"}},
{"type":"Feature","geometry":{"type":"Polygon","coordinates":[[[23.335,48.615],[23.005,48.71],[22.935,48.66],[22.96,48.46],[23.32,48.4],[23.4,48.51],[23.335,48.615]]]},"properties":{"shapeName":"Svaliava","shapeID":"74538382B32054609841265","shapeType":"ADM2"}},
{"type":"Feature","geometry":{"type":"Polygon","coordinates":[[[22.96,48.46],[22.935,48.66],[22.785,48.595],[22.5,48.38],[22.855,48.255],[22.96,48.46]]]},"properties":{"shapeName":"Mukachevo\t","shapeID":"74538382B46145703776809","shapeType":"ADM2"}},
{"type":"Feature","geometry":{"type":"Polygon","coordinates":[[[22.5,48.38],[22.785,48.595],[22.47,48.725],[22.165,48.535],[22.35,48.355],[22.5,48.38]]]},"properties":{"shapeName":"Uzhhorod","shapeID":"74538382B77535249747568","shapeType":"ADM2"}},
{"type":"Feature","geometry":{"type":"Polygon","coordinates":[[[22.925,48.825],[22.72,48.745],[22.465,48.78],[22.47,48.725],[22.785,48.595],[22.935,48.66],[23.005,48.71],[22.925,48.825]]]},"properties":{"shapeName":"Perechyn","shapeID":"74538382B51879903679765","shapeType":"ADM2"}},
{"type":"Feature","geometry":{"type":"Polygon","coordinates":[[[22.97,48.87],[22.84,49.015],[22.41,48.94],[22.465,48.78],[22.72,48.745],[22.925,48.825],[22.97,48.87]]]},"properties":{"shapeName":"Velykyy Bereznyi","shapeID":"74538382B40204965193592","shapeType":"ADM2"}},
{"type":"Feature","geometry":{"type":"Polygon","coordinates":[[[27.41,51.08],[27.245,51.155],[26.74,51.135],[27.03,50.775],[27.305,50.795],[27.41,51.08]]]},"properties":{"shapeName":"Berezne","shapeID":"74538382B17645619358290","shapeType":"ADM2"}},
{"type":"Feature","geometry":{"type":"Polygon","coordinates":[[[27.505,51.19],[27.605,51.435],[27.88,51.545],[27.32,51.605],[27.225,51.7],[27.16,51.43],[27.245,51.155],[27.41,51.08],[27.505,51.19]]]},"properties":{"shapeName":"Rokytne","shapeID":"74538382B57991939893011","shapeType":"ADM2"}},
{"type":"Feature","geometry":{"type":"Polygon","coordinates":[[[27.265,50.525],[27.305,50.795],[27.03,50.775],[27.135,50.545],[27.265,50.525]]]},"properties":{"shapeName":"Korets","shapeID":"74538382B86462977342473","shapeType":"ADM2"}},
{"type":"Feature","geometry":{"type":"Polygon","coordinates":[[[27.225,51.7],[27.16,51.795],[26.64,51.84],[26.5,51.79],[26.185,51.635],[26.5,51.48],[26.795,51.545],[27.16,51.43],[27.225,51.7]]]},"properties":{"shapeName":"Dubrovytsia","shapeID":"74538382B17610954663111","shapeType":"ADM2"}},
{"type":"Feature","geometry":{"type":"Polygon","coordinates":[[[26.5,51.79],[26.455,51.885],[25.84,51.945],[25.58,51.77],[25.59,51.61],[25.605,51.575],[25.95,51.545],[26.185,51.635],[26.5,51.79]]]},"properties":{"shapeName":"Zarichne","shapeID":"74538382B81176113996215","shapeType":"ADM2"}},
{"type":"Feature","geometry":{"type":"Polygon","coordinates":[[[27.245,51.155],[27.16,51.43],[26.795,51.545],[26.5,51.48],[26.24,51.355],[26.625,51.115],[26.74,51.135],[27.245,51.155]]]},"properties":{"shapeName":"Sarny","shapeID":"74538382B1350322387743","shapeType":"ADM2"}},
{"type":"Feature","geometry":{"type":"Polygon","coordinates":[[[26.185,51.635],[25.95,51.545],[25.605,51.575],[25.605,51.35],[25.875,51.405],[26.075,51.255],[26.24,51.355],[26.5,51.48],[26.185,51.635]]]},"properties":{"shapeName":"Volodymyrets","shapeID":"74538382B53393246886202","shapeType":"ADM2"}},
{"type":"Feature","geometry":{"type":"Polygon","coordinates":[[[26.74,51.135],[26.625,51.115],[26.24,51.355],[26.075,51.255],[25.98,51.115],[26.015,50.885],[26.51,50.875],[26.695,50.79],[27.03,50.775],[26.74,51.135]]]},"properties":{"shapeName":"Kostopil","shapeID":"74538382B91945064938376","shapeType":"ADM2"}},
{"type":"Feature","geometry":{"type":"Polygon","coordinates":[[[27.135,50.545],[27.03,50.775],[26.695,50.79],[26.715,50.54],[26.72,50.505],[26.925,50.515],[27.135,50.545]]]},"properties":{"shapeName":"Hoshcha","shapeID":"74538382B44501351674000","shapeType":"ADM2"}},
{"type":"Feature","geometry":{"type":"Polygon","coordinates":[[[26.015,50.885],[25.945,50.625],[26.19,50.48],[26.715,50.54],[26.695,50.79],[26.51,50.875],[26.015,50.885]]]},"properties":{"shapeName":"Rivne","shapeID":"74538382B36980255523800","shapeType":"ADM2"}},
{"type":"Feature","geometry":{"type":"Polygon","coordinates":[[[26.495,50.125],[26.69,50.33],[26.925,50.515],[26.72,50.505],[26.31,50.385],[26.31,50.235],[26.26,50.11],[26.495,50.125]]]},"properties":{"shapeName":"Ostroh","shapeID":"74538382B47818615416103","shapeType":"ADM2"}},
{"type":"Feature","geometry":{"type":"Polygon","coordinates":[[[26.715,50.54],[26.19,50.48],[26.06,50.35],[26.31,50.235],[26.31,50.385],[26.72,50.505],[26.715,50.54]]]},"properties":{"shapeName":"Zdolbuniv","shapeID":"74538382B92334683682599","shapeType":"ADM2"}},
{"type":"Feature","geometry":{"type":"Polygon","coordinates":[[[25.945,50.625],[25.91,50.47],[25.51,50.345],[25.505,50.31],[25.62,50.125],[25.835,50.14],[26.31,50.235],[26.06,50.35],[26.19,50.48],[25.945,50.625]]]},"properties":{"shapeName":"Dubno","shapeID":"74538382B57022409328323","shapeType":"ADM2"}},
{"type":"Feature","geometry":{"type":"Polygon","coordinates":[[[25.945,50.625],[25.735,50.69],[25.42,50.67],[25.355,50.54],[25.51,50.345],[25.91,50.47],[25.945,50.625]]]},"properties":{"shapeName":"Mlyniv","shapeID":"74538382B5882796525163","shapeType":"ADM2"}},
{"type":"Feature","geometry":{"type":"Polygon","coordinates":[[[25.355,50.54],[25.235,50.525],[25.275,50.37],[25.505,50.31],[25.51,50.345],[25.355,50.54]]]},"properties":{"shapeName":"Demydivka","shapeID":"74538382B42037419255148","shapeType":"ADM2"}},
{"type":"Feature","geometry":{"type":"Polygon","coordinates":[[[25.505,50.31],[25.275,50.37],[25.16,50.305],[25.24,50.055],[25.45,50.015],[25.62,50.125],[25.505,50.31]]]},"properties":{"shapeName":"Radyvyliv","shapeID":"74538382B1361262622940","shapeType":"ADM2"}},
{"type":"Feature","geometry":{"type":"Polygon","coordinates":[[[26.54,48.455],[26.275,48.685],[26.235,48.875],[25.915,48.825],[26.085,48.615],[26.285,48.48],[26.54,48.455]]]},"properties":{"shapeName":"Borschiv","shapeID":"74538382B11484774081003","shapeType":"ADM2"}},
{"type":"Feature","geometry":{"type":"Polygon","coordinates":[[[26.26,49.01],[25.96,49.055],[25.72,49.04],[25.695,48.97],[25.915,48.825],[26.235,48.875],[26.26,49.01]]]},"properties":{"shapeName":"Chortkiv","shapeID":"74538382B43402639614828","shapeType":"ADM2"}},
{"type":"Feature","geometry":{"type":"Polygon","coordinates":[[[26.085,48.615],[25.915,48.825],[25.695,48.97],[25.635,48.71],[25.72,48.605],[26.085,48.615]]]},"properties":{"shapeName":"Zalishchyky","shapeID":"74538382B3900479393084","shapeType":"ADM2"}},
{"type":"Feature","geometry":{"type":"Polygon","coordinates":[[[26.29,49.035],[26.295,49.295],[26.275,49.335],[25.985,49.305],[25.96,49.055],[26.26,49.01],[26.29,49.035]]]},"properties":{"shapeName":"Husiatyn","shapeID":"74538382B80134977422421","shapeType":"ADM2"}},
{"type":"Feature","geometry":{"type":"Polygon","coordinates":[[[26.25,49.69],[26.09,49.655],[25.93,49.485],[25.925,49.34],[25.985,49.305],[26.275,49.335],[26.175,49.48],[26.25,49.69]]]},"properties":{"shapeName":"Pidvolochysk","shapeID":"74538382B47122589681539","shapeType":"ADM2"}},
{"type":"Feature","geometry":{"type":"Polygon","coordinates":[[[26.245,49.81],[26.28,50.02],[25.92,49.945],[25.92,49.925],[25.915,49.755],[26.09,49.655],[26.25,49.69],[26.245,49.81]]]},"properties":{"shapeName":"Lanivtsi","shapeID":"74538382B3075345491126","shapeType":"ADM2"}},
{"type":"Feature","geometry":{"type":"Polygon","coordinates":[[[26.26,50.11],[26.31,50.235],[25.835,50.14],[25.92,49.945],[26.28,50.02],[26.26,50.11]]]},"properties":{"shapeName":"Shumsk","shapeID":"74538382B74407255776409","shapeType":"ADM2"}},
{"type":"Feature","geometry":{"type":"Polygon","coordinates":[[[25.62,50.125],[25.45,50.015],[25.55,49.925],[25.605,49.775],[25.92,49.925],[25.92,49.945],[25.835,50.14],[25.62,50.125]]]},"properties":{"shapeName":"Kremenets","shapeID":"74538382B23242546961479","shapeType":"ADM2"}},
{"type":"Feature","geometry":{"type":"Polygon","coordinates":[[[26.09,49.655],[25.915,49.755],[25.92,49.925],[25.605,49.775],[25.635,49.68],[25.93,49.485],[26.09,49.655]]]},"properties":{"shapeName":"Zbarazh","shapeID":"74538382B95195670192940","shapeType":"ADM2"}},
{"type":"Feature","geometry":{"type":"Polygon","coordinates":[[[25.55,49.925],[25.245,49.82],[25.115,49.65],[25.12,49.65],[25.51,49.59],[25.635,49.68],[25.605,49.775],[25.55,49.925]]]},"properties":{"shapeName":"Zboriv","shapeID":"74538382B70043309892570","shapeType":"ADM2"}},
{"type":"Feature","geometry":{"type":"Polygon","coordinates":[[[25.93,49.485],[25.635,49.68],[25.51,49.59],[25.485,49.355],[25.925,49.34],[25.93,49.485]]]},"properties":{"shapeName":"Ternopil","shapeID":"74538382B88282912225835","shapeType":"ADM2"}},
{"type":"Feature","geometry":{"type":"Polygon","coordinates":[[[25.96,49.055],[25.985,49.305],[25.925,49.34],[25.485,49.355],[25.43,49.325],[25.47,49.145],[25.51,49.145],[25.72,49.04],[25.96,49.055]]]},"properties":{"shapeName":"Terebovlia","shapeID":"74538382B1294553244801","shapeType":"ADM2"}},
{"type":"Feature","geometry":{"type":"Polygon","coordinates":[[[25.12,49.65],[25.195,49.335],[25.43,49.325],[25.485,49.355],[25.51,49.59],[25.12,49.65]]]},"properties":{"shapeName":"Kozova","shapeID":"74538382B56097972279611","shapeType":"ADM2"}},
{"type":"Feature","geometry":{"type":"Polygon","coordinates":[[[25.635,48.71],[25.695,48.97],[25.72,49.04],[25.51,49.145],[25.31,48.825],[25.375,48.71],[25.635,48.71]]]},"properties":{"shapeName":"Buchach","shapeID":"74538382B92053116813832","shapeType":"ADM2"}},
{"type":"Feature","geometry":{"type":"Polygon","coordinates":[[[25.12,49.65],[25.115,49.65],[25.05,49.625],[24.755,49.475],[24.89,49.305],[24.935,49.29],[25.195,49.335],[25.12,49.65]]]},"properties":{"shapeName":"Berezhany","shapeID":"74538382B5205170334636","shapeType":"ADM2"}},
{"type":"Feature","geometry":{"type":"Polygon","coordinates":[[[25.43,49.325],[25.195,49.335],[24.935,49.29],[24.95,49.145],[25.255,49.09],[25.47,49.145],[25.43,49.325]]]},"properties":{"shapeName":"Pidhaitsi","shapeID":"74538382B49196130715862","shapeType":"ADM2"}},
{"type":"Feature","geometry":{"type":"Polygon","coordinates":[[[25.47,49.145],[25.255,49.09],[24.95,49.145],[24.96,48.995],[24.965,48.97],[25.31,48.825],[25.51,49.145],[25.47,49.145]]]},"properties":{"shapeName":"Monastyryska","shapeID":"74538382B71617713265509","shapeType":"ADM2"}},
{"type":"Feature","geometry":{"type":"Polygon","coordinates":[[[25.59,51.61],[25.475,51.62],[25.255,51.435],[25.385,51.3],[25.625,51.105],[25.98,51.115],[26.075,51.255],[25.875,51.405],[25.605,51.35],[25.605,51.575],[25.59,51.61]]]},"properties":{"shapeName":"Manevychi","shapeID":"74538382B50995532185808","shapeType":"ADM2"}},
{"type":"Feature","geometry":{"type":"Polygon","coordinates":[[[25.98,51.115],[25.625,51.105],[25.385,51.02],[25.735,50.69],[25.945,50.625],[26.015,50.885],[25.98,51.115]]]},"properties":{"shapeName":"Kivertsi","shapeID":"74538382B39410931329464","shapeType":"ADM2"}},
{"type":"Feature","geometry":{"type":"Polygon","coordinates":[[[25.84,51.945],[25.48,51.995],[25.11,51.905],[25.08,51.85],[25.475,51.62],[25.59,51.61],[25.58,51.77],[25.84,51.945]]]},"properties":{"shapeName":"Liubeshiv","shapeID":"74538382B51989583187875","shapeType":"ADM2"}},
{"type":"Feature","geometry":{"type":"Polygon","coordinates":[[[25.735,50.69],[25.385,51.02],[25.1,50.91],[24.97,50.705],[25.235,50.525],[25.355,50.54],[25.42,50.67],[25.735,50.69]]]},"properties":{"shapeName":"Lutsk\t","shapeID":"74538382B46392233077619","shapeType":"ADM2"}},
{"type":"Feature","geometry":{"type":"Polygon","coordinates":[[[25.235,50.525],[24.97,50.705],[24.865,50.61],[24.57,50.535],[24.555,50.47],[24.9,50.3],[25.16,50.305],[25.275,50.37],[25.235,50.525]]]},"properties":{"shapeName":"Horokhiv","shapeID":"74538382B72519912366476","shapeType":"ADM2"}},
{"type":"Feature","geometry":{"type":"Polygon","coordinates":[[[24.865,50.61],[24.63,50.765],[24.125,50.805],[24.18,50.62],[24.57,50.535],[24.865,50.61]]]},"properties":{"shapeName":"Ivanychi","shapeID":"74538382B51634820959847","shapeType":"ADM2"}},
{"type":"Feature","geometry":{"type":"Polygon","coordinates":[[[25.1,50.91],[24.935,51],[24.62,50.9],[24.63,50.765],[24.865,50.61],[24.97,50.705],[25.1,50.91]]]},"properties":{"shapeName":"Lokachi","shapeID":"74538382B10219511542041","shapeType":"ADM2"}},
{"type":"Feature","geometry":{"type":"Polygon","coordinates":[[[25.385,51.3],[24.935,51],[25.1,50.91],[25.385,51.02],[25.625,51.105],[25.385,51.3]]]},"properties":{"shapeName":"Rozhyshche","shapeID":"74538382B88565682266832","shapeType":"ADM2"}},
{"type":"Feature","geometry":{"type":"Polygon","coordinates":[[[24.63,50.765],[24.62,50.9],[24.3,51.055],[24.05,51.065],[24.125,50.805],[24.63,50.765]]]},"properties":{"shapeName":"Volodymyr","shapeID":"74538382B9478118461291","shapeType":"ADM2"}},
{"type":"Feature","geometry":{"type":"Polygon","coordinates":[[[24.935,51],[24.53,51.21],[24.475,51.22],[24.3,51.055],[24.62,50.9],[24.935,51]]]},"properties":{"shapeName":"Turiisk","shapeID":"74538382B27163197759285","shapeType":"ADM2"}},
{"type":"Feature","geometry":{"type":"Polygon","coordinates":[[[25.255,51.435],[24.985,51.45],[24.635,51.37],[24.53,51.21],[24.935,51],[25.385,51.3],[25.255,51.435]]]},"properties":{"shapeName":"Kovel","shapeID":"74538382B22320856317626","shapeType":"ADM2"}},
{"type":"Feature","geometry":{"type":"Polygon","coordinates":[[[24.3,51.055],[24.475,51.22],[24.23,51.49],[23.77,51.455],[23.745,51.325],[24.05,51.065],[24.3,51.055]]]},"properties":{"shapeName":"Liuboml","shapeID":"74538382B72123275564902","shapeType":"ADM2"}},
{"type":"Feature","geometry":{"type":"Polygon","coordinates":[[[24.985,51.45],[24.8,51.575],[24.67,51.665],[24.26,51.61],[24.23,51.49],[24.475,51.22],[24.53,51.21],[24.635,51.37],[24.985,51.45]]]},"properties":{"shapeName":"Stara Vyzhivka","shapeID":"74538382B62397743463351","shapeType":"ADM2"}},
{"type":"Feature","geometry":{"type":"Polygon","coordinates":[[[24.23,51.49],[24.26,51.61],[24.175,51.695],[23.685,51.625],[23.77,51.455],[24.23,51.49]]]},"properties":{"shapeName":"Shatsk","shapeID":"74538382B5714887404176","shapeType":"ADM2"}},
{"type":"Feature","geometry":{"type":"Polygon","coordinates":[[[25.475,51.62],[25.08,51.85],[24.835,51.77],[24.8,51.575],[24.985,51.45],[25.255,51.435],[25.475,51.62]]]},"properties":{"shapeName":"Kamin-Kashyrskyi","shapeID":"74538382B64329946545346","shapeType":"ADM2"}},
{"type":"Feature","geometry":{"type":"Polygon","coordinates":[[[25.11,51.905],[24.71,51.94],[24.35,51.855],[24.175,51.695],[24.26,51.61],[24.67,51.665],[24.8,51.575],[24.835,51.77],[25.08,51.85],[25.11,51.905]]]},"properties":{"shapeName":"Ratne","shapeID":"74538382B19676868566368","shapeType":"ADM2"}},
{"type":"Feature","geometry":{"type":"Polygon","coordinates":[[[25.375,48.71],[25.31,48.825],[24.965,48.97],[25,48.73],[25.29,48.585],[25.375,48.71]]]},"properties":{"shapeName":"Tlumach","shapeID":"74538382B88874986196834","shapeType":"ADM2"}},
{"type":"Feature","geometry":{"type":"Polygon","coordinates":[[[25.28,48.42],[25.39,48.515],[25.29,48.585],[25,48.73],[24.755,48.665],[24.885,48.4],[25.28,48.42]]]},"properties":{"shapeName":"Kolomyia","shapeID":"74538382B92026031653361","shapeType":"ADM2"}},
{"type":"Feature","geometry":{"type":"Polygon","coordinates":[[[24.815,48.255],[24.885,48.4],[24.755,48.665],[24.655,48.77],[24.57,48.61],[24.205,48.51],[24.19,48.515],[24.31,48.34],[24.625,48.225],[24.605,48.085],[24.815,48.255]]]},"properties":{"shapeName":"Nadvirna","shapeID":"74538382B63824501838973","shapeType":"ADM2"}},
{"type":"Feature","geometry":{"type":"Polygon","coordinates":[[[24.96,48.995],[24.68,49.02],[24.475,48.915],[24.655,48.77],[24.755,48.665],[25,48.73],[24.965,48.97],[24.96,48.995]]]},"properties":{"shapeName":"Tysmenytsia","shapeID":"74538382B41206945038645","shapeType":"ADM2"}},
{"type":"Feature","geometry":{"type":"Polygon","coordinates":[[[24.655,48.77],[24.475,48.915],[24.43,48.895],[24.175,48.595],[24.205,48.51],[24.57,48.61],[24.655,48.77]]]},"properties":{"shapeName":"Bohorodchany","shapeID":"74538382B65631972109498","shapeType":"ADM2"}},
{"type":"Feature","geometry":{"type":"Polygon","coordinates":[[[24.19,48.515],[24.205,48.51],[24.175,48.595],[24.43,48.895],[24.25,49.02],[23.95,48.795],[23.89,48.585],[23.92,48.545],[24.19,48.515]]]},"properties":{"shapeName":"Rozhniativ","shapeID":"74538382B89403854124425","shapeType":"ADM2"}},
{"type":"Feature","geometry":{"type":"Polygon","coordinates":[[[23.89,48.585],[23.95,48.795],[24.25,49.02],[24.215,49.105],[23.85,49.045],[23.74,48.995],[23.625,48.68],[23.89,48.585]]]},"properties":{"shapeName":"Dolyna","shapeID":"74538382B20988283989287","shapeType":"ADM2"}},
{"type":"Feature","geometry":{"type":"Polygon","coordinates":[[[24.68,49.02],[24.56,49.195],[24.485,49.175],[24.23,49.105],[24.215,49.105],[24.25,49.02],[24.43,48.895],[24.475,48.915],[24.68,49.02]]]},"properties":{"shapeName":"Kalush","shapeID":"74538382B82550284733464","shapeType":"ADM2"}},
{"type":"Feature","geometry":{"type":"Polygon","coordinates":[[[24.89,49.305],[24.56,49.195],[24.68,49.02],[24.96,48.995],[24.95,49.145],[24.935,49.29],[24.89,49.305]]]},"properties":{"shapeName":"Halych","shapeID":"74538382B19576586324749","shapeType":"ADM2"}},
{"type":"Feature","geometry":{"type":"Polygon","coordinates":[[[24.755,49.475],[24.525,49.505],[24.485,49.175],[24.56,49.195],[24.89,49.305],[24.755,49.475]]]},"properties":{"shapeName":"Rohatyn","shapeID":"74538382B68321020452379","shapeType":"ADM2"}},
{"type":"Feature","geometry":{"type":"Polygon","coordinates":[[[25.16,50.305],[24.9,50.3],[24.94,50.145],[25.02,49.955],[25.245,49.82],[25.55,49.925],[25.45,50.015],[25.24,50.055],[25.16,50.305]]]},"properties":{"shapeName":"Brody","shapeID":"74538382B56277130334747","shapeType":"ADM2"}},
{"type":"Feature","geometry":{"type":"Polygon","coordinates":[[[24.94,50.145],[24.68,50.145],[24.53,49.965],[24.55,49.91],[25.02,49.955],[24.94,50.145]]]},"properties":{"shapeName":"Busk","shapeID":"74538382B89589789730679","shapeType":"ADM2"}},
{"type":"Feature","geometry":{"type":"Polygon","coordinates":[[[25.245,49.82],[25.02,49.955],[24.55,49.91],[24.535,49.82],[25.05,49.625],[25.115,49.65],[25.245,49.82]]]},"properties":{"shapeName":"Zolochiv","shapeID":"74538382B27097146636711","shapeType":"ADM2"}},
{"type":"Feature","geometry":{"type":"Polygon","coordinates":[[[25.05,49.625],[24.535,49.82],[24.18,49.72],[24.265,49.665],[24.525,49.505],[24.755,49.475],[25.05,49.625]]]},"properties":{"shapeName":"Peremyshliany","shapeID":"74538382B58827440346499","shapeType":"ADM2"}},
{"type":"Feature","geometry":{"type":"Polygon","coordinates":[[[24.485,49.175],[24.525,49.505],[24.265,49.665],[24.175,49.42],[24.23,49.105],[24.485,49.175]]]},"properties":{"shapeName":"Zhydachiv","shapeID":"74538382B73482868346165","shapeType":"ADM2"}},
{"type":"Feature","geometry":{"type":"Polygon","coordinates":[[[24.215,49.105],[24.23,49.105],[24.175,49.42],[23.965,49.445],[23.815,49.255],[23.56,49.18],[23.85,49.045],[24.215,49.105]]]},"properties":{"shapeName":"Stryi","shapeID":"74538382B24886275593146","shapeType":"ADM2"}},
{"type":"Feature","geometry":{"type":"Polygon","coordinates":[[[23.625,48.68],[23.74,48.995],[23.85,49.045],[23.56,49.18],[23.4,49.09],[23.245,49.005],[23.255,48.795],[23.41,48.72],[23.625,48.68]]]},"properties":{"shapeName":"Skole","shapeID":"74538382B50426750850815","shapeType":"ADM2"}},
{"type":"Feature","geometry":{"type":"Polygon","coordinates":[[[23.255,48.795],[23.245,49.005],[23.4,49.09],[23.215,49.285],[22.815,49.34],[22.84,49.015],[22.97,48.87],[23.255,48.795]]]},"properties":{"shapeName":"Turka","shapeID":"74538382B48347776111848","shapeType":"ADM2"}},
{"type":"Feature","geometry":{"type":"Polygon","coordinates":[[[24.18,49.72],[24.085,49.71],[23.895,49.615],[23.965,49.445],[24.175,49.42],[24.265,49.665],[24.18,49.72]]]},"properties":{"shapeName":"Mykolaiv","shapeID":"74538382B46794704390703","shapeType":"ADM2"}},
{"type":"Feature","geometry":{"type":"Polygon","coordinates":[[[23.965,49.445],[23.895,49.615],[23.8,49.655],[23.52,49.56],[23.245,49.38],[23.215,49.285],[23.4,49.09],[23.56,49.18],[23.815,49.255],[23.965,49.445]]]},"properties":{"shapeName":"Drohobych","shapeID":"74538382B88125912704040","shapeType":"ADM2"}},
{"type":"Feature","geometry":{"type":"Polygon","coordinates":[[[23.215,49.285],[23.245,49.38],[23.17,49.695],[22.985,49.775],[22.73,49.61],[22.815,49.34],[23.215,49.285]]]},"properties":{"shapeName":"Staryi Sambir","shapeID":"74538382B78037249212092","shapeType":"ADM2"}},
{"type":"Feature","geometry":{"type":"Polygon","coordinates":[[[23.8,49.655],[23.505,49.81],[23.17,49.695],[23.245,49.38],[23.52,49.56],[23.8,49.655]]]},"properties":{"shapeName":"Sambir","shapeID":"74538382B27410242056643","shapeType":"ADM2"}},
{"type":"Feature","geometry":{"type":"Polygon","coordinates":[[[23.17,49.695],[23.505,49.81],[23.565,49.935],[23.35,50.035],[22.985,49.775],[23.17,49.695]]]},"properties":{"shapeName":"Mostyska","shapeID":"74538382B10043952621964","shapeType":"ADM2"}},
{"type":"Feature","geometry":{"type":"Polygon","coordinates":[[[24.085,49.71],[24.04,49.855],[24.215,49.985],[23.94,49.9],[23.565,49.935],[23.505,49.81],[23.8,49.655],[23.895,49.615],[24.085,49.71]]]},"properties":{"shapeName":"Horodok","shapeID":"74538382B46853229377150","shapeType":"ADM2"}},
{"type":"Feature","geometry":{"type":"Polygon","coordinates":[[[24.53,49.965],[24.31,50.045],[24.17,50.02],[24.215,49.985],[24.04,49.855],[24.085,49.71],[24.18,49.72],[24.535,49.82],[24.55,49.91],[24.53,49.965]]]},"properties":{"shapeName":"Pustomyty","shapeID":"74538382B29269701893700","shapeType":"ADM2"}},
{"type":"Feature","geometry":{"type":"Polygon","coordinates":[[[23.565,49.935],[23.94,49.9],[24.215,49.985],[24.17,50.02],[24.05,50.13],[23.64,50.23],[23.35,50.035],[23.565,49.935]]]},"properties":{"shapeName":"Yavoriv","shapeID":"74538382B49623999622134","shapeType":"ADM2"}},
{"type":"Feature","geometry":{"type":"Polygon","coordinates":[[[24.555,50.47],[24.385,50.31],[24.68,50.145],[24.94,50.145],[24.9,50.3],[24.555,50.47]]]},"properties":{"shapeName":"Radekhiv","shapeID":"74538382B52096657726601","shapeType":"ADM2"}},
{"type":"Feature","geometry":{"type":"Polygon","coordinates":[[[24.68,50.145],[24.385,50.31],[24.335,50.21],[24.31,50.045],[24.53,49.965],[24.68,50.145]]]},"properties":{"shapeName":"Kamianka-Buzka","shapeID":"74538382B79038092338263","shapeType":"ADM2"}},
{"type":"Feature","geometry":{"type":"Polygon","coordinates":[[[24.31,50.045],[24.335,50.21],[23.82,50.355],[23.64,50.23],[24.05,50.13],[24.17,50.02],[24.31,50.045]]]},"properties":{"shapeName":"Zhovkva","shapeID":"74538382B85427402456891","shapeType":"ADM2"}},
{"type":"Feature","geometry":{"type":"Polygon","coordinates":[[[24.57,50.535],[24.18,50.62],[24.105,50.445],[23.82,50.355],[24.335,50.21],[24.385,50.31],[24.555,50.47],[24.57,50.535]]]},"properties":{"shapeName":"Sokal","shapeID":"74538382B97249439308301","shapeType":"ADM2"}},
{"type":"Feature","geometry":{"type":"Polygon","coordinates":[[[33.825,45.24],[33.7,45.36],[33.615,45.43],[33.365,45.525],[32.965,45.33],[33.11,45.26],[33.45,45.245],[33.6,45.025],[33.825,45.24]]]},"properties":{"shapeName":"Saky","shapeID":"74538382B47758211773177","shapeType":"ADM2"}},
{"type":"Feature","geometry":{"type":"Polygon","coordinates":[[[33.605,44.95],[33.6,45.025],[33.45,45.245],[33.11,45.26],[33.525,45.01],[33.525,44.655],[33.42,44.495],[33.68,44.42],[33.955,44.505],[33.82,44.6],[33.605,44.95]]]},"properties":{"shapeName":"Nakhimovskyi","shapeID":"74538382B3276437105714","shapeType":"ADM2"}},
{"type":"Feature","geometry":{"type":"Polygon","coordinates":[[[33.42,44.495],[33.21,44.455],[33.425,44.29],[33.68,44.42],[33.42,44.495]]]},"properties":{"shapeName":"Leninskyi","shapeID":"74538382B30799636343123","shapeType":"ADM2"}},
{"type":"Feature","geometry":{"type":"Polygon","coordinates":[[[33.955,44.505],[33.68,44.42],[33.425,44.29],[34.11,44.33],[34.565,44.495],[34.68,44.875],[34.61,44.87],[34.2,44.715],[34.185,44.565],[33.955,44.505]]]},"properties":{"shapeName":"Balakavaskyi","shapeID":"74538382B52948461958272","shapeType":"ADM2"}},
{"type":"Feature","geometry":{"type":"Polygon","coordinates":[[[33.21,44.455],[33.185,44.24],[33.425,44.29],[33.21,44.455]]]},"properties":{"shapeName":"Gagarin","shapeID":"74538382B18343308961646","shapeType":"ADM2"}},
{"type":"Feature","geometry":{"type":"Polygon","coordinates":[[[38.315,48.425],[38.745,48.565],[38.63,48.775],[38.68,48.955],[38.48,49.055],[38.18,48.94],[38.315,48.425]]]},"properties":{"shapeName":"Popasna","shapeID":"74538382B55408999642819","shapeType":"ADM2"}}
]}