{"type":"FeatureCollection", "features": [
{"type":"Feature","geometry":{"type":"Polygon","coordinates":[[[35.235,45.79],[35.22,45.83],[35.21,45.85],[35.175,45.885],[35.15,45.93],[35.21,45.94],[35.275,45.955],[35.325,45.985],[35.37,46.025],[35.39,46.06],[35.43,46.09],[35.45,46.11],[35.47,46.145],[35.375,46.195],[35.28,46.265],[35.225,46.28],[35.13,46.3],[35.075,46.3],[35.06,46.375],[35.07,46.38],[35.055,46.48],[35.02,46.48],[34.955,46.505],[34.945,46.51],[34.89,46.505],[34.885,46.535],[34.895,46.54],[34.89,46.565],[34.76,46.55],[34.75,46.585],[34.725,46.58],[34.715,46.62],[34.755,46.625],[34.745,46.685],[34.685,46.675],[34.68,46.69],[34.63,46.69],[34.625,46.725],[34.66,46.725],[34.66,46.74],[34.735,46.745],[34.75,46.76],[34.75,46.78],[34.77,46.78],[34.76,46.825],[34.81,46.83],[34.815,46.835],[34.805,46.885],[34.755,46.88],[34.735,46.96],[34.685,46.955],[34.68,46.98],[34.625,46.975],[34.615,46.995],[34.6,46.99],[34.59,47.025],[34.565,47.025],[34.555,47.1],[34.52,47.105],[34.49,47.245],[34.53,47.25],[34.52,47.285],[34.49,47.28],[34.48,47.315],[34.515,47.32],[34.505,47.34],[34.49,47.33],[34.415,47.325],[34.42,47.3],[34.4,47.3],[34.4,47.285],[34.37,47.285],[34.36,47.295],[34.33,47.29],[34.305,47.27],[34.295,47.275],[34.285,47.32],[34.285,47.325],[34.27,47.36],[34.26,47.36],[34.255,47.39],[34.255,47.41],[34.245,47.435],[34.215,47.455],[34.14,47.475],[34.075,47.47],[34.005,47.455],[33.955,47.46],[33.95,47.46],[33.945,47.5],[33.94,47.515],[33.645,47.485],[33.635,47.515],[33.605,47.51],[33.59,47.5],[33.58,47.53],[33.595,47.545],[33.59,47.575],[33.58,47.6],[33.475,47.585],[33.485,47.545],[33.325,47.525],[33.33,47.51],[33.35,47.495],[33.315,47.485],[33.31,47.5],[33.285,47.51],[33.28,47.52],[33.285,47.545],[33.275,47.545],[33.24,47.53],[33.225,47.53],[33.22,47.55],[33.23,47.555],[33.235,47.57],[33.175,47.57],[33.095,47.58],[33.09,47.55],[33.095,47.53],[33.14,47.545],[33.145,47.515],[33.125,47.51],[33.13,47.485],[33.125,47.475],[33.14,47.42],[33.07,47.41],[33.07,47.475],[33.045,47.47],[33.055,47.445],[33.035,47.44],[33.03,47.42],[33.04,47.38],[33.12,47.39],[33.13,47.345],[33.13,47.33],[33.105,47.32],[33.11,47.3],[33.105,47.28],[33.135,47.27],[33.175,47.24],[33.145,47.23],[33.125,47.23],[33.135,47.215],[33.115,47.205],[33.095,47.225],[33.065,47.215],[33.065,47.2],[33.055,47.19],[33.015,47.18],[33.01,47.195],[32.96,47.19],[32.95,47.165],[32.92,47.145],[32.92,47.135],[32.905,47.12],[32.915,47.105],[32.91,47.095],[32.93,47.08],[33,47.055],[33.07,47.02],[33.02,46.975],[32.95,47.005],[32.935,46.985],[32.95,46.945],[32.975,46.95],[32.98,46.935],[32.93,46.93],[32.925,46.91],[32.84,46.9],[32.835,46.885],[32.855,46.875],[32.915,46.885],[32.92,46.865],[32.945,46.87],[32.95,46.86],[32.87,46.845],[32.815,46.84],[32.815,46.835],[32.7,46.825],[32.69,46.86],[32.615,46.855],[32.585,46.855],[32.57,46.875],[32.545,46.87],[32.54,46.85],[32.525,46.85],[32.53,46.825],[32.47,46.815],[32.465,46.84],[32.365,46.83],[32.375,46.8],[32.34,46.795],[32.315,46.805],[32.23,46.845],[32.25,46.82],[32.23,46.81],[32.21,46.805],[32.22,46.77],[32.17,46.765],[32.17,46.75],[32.11,46.745],[32.11,46.75],[32.055,46.745],[32.06,46.73],[32.075,46.73],[32.085,46.685],[32.02,46.68],[32.03,46.67],[31.985,46.665],[31.99,46.66],[31.94,46.65],[31.845,46.5],[31.815,46.495],[31.805,46.48],[31.83,46.355],[31.38,46.41],[31.16,46.41],[31.2,46.405],[31.235,46.405],[31.23,46.36],[31.24,46.32],[31.24,46.27],[31.25,46.245],[31.265,46.22],[31.285,46.195],[31.31,46.17],[31.345,46.145],[31.365,46.125],[31.395,46.105],[31.425,46.09],[31.46,46.075],[31.495,46.065],[31.535,46.06],[31.595,46.04],[31.635,46.035],[31.68,46.03],[31.745,46.015],[31.805,46.01],[31.865,46],[31.89,45.995],[31.95,45.98],[32,45.97],[32.025,45.96],[32.08,45.95],[32.145,45.94],[32.205,45.925],[32.25,45.92],[32.31,45.9],[32.375,45.89],[32.41,45.88],[32.445,45.87],[32.485,45.865],[32.53,45.865],[32.56,45.855],[32.6,45.85],[32.665,45.845],[32.695,45.835],[32.735,45.83],[32.775,45.825],[32.97,45.875],[33.185,45.925],[33.54,46.01],[33.59,46.06],[33.57,46.105],[33.615,46.135],[33.635,46.145],[33.615,46.225],[33.645,46.23],[33.685,46.205],[33.735,46.185],[33.775,46.2],[33.81,46.205],[33.85,46.2],[33.86,46.195],[33.92,46.16],[33.985,46.135],[34,46.125],[34.055,46.11],[34.08,46.12],[34.115,46.105],[34.145,46.085],[34.19,46.065],[34.25,46.055],[34.33,46.06],[34.345,46.055],[34.405,46.01],[34.415,45.99],[34.445,45.96],[34.465,45.945],[34.505,45.945],[34.52,45.955],[34.56,45.995],[34.605,45.995],[34.63,45.985],[34.67,45.97],[34.755,45.91],[34.8,45.9],[34.8,45.81],[34.865,45.795],[34.945,45.765],[34.96,45.755],[34.975,45.76],[35.235,45.79]]]},"properties":{"shapeName":"Kherson Oblast","shapeISO":"UA-65","shapeID":"14850775B65901307765467","shapeType":"ADM1"}},
{"type":"Feature","geometry":{"type":"Polygon","coordinates":[[[25.115,50.285],[25.1,50.295],[25.11,50.31],[25.165,50.33],[25.145,50.345],[25.145,50.36],[25.17,50.38],[25.18,50.36],[25.2,50.365],[25.21,50.375],[25.2,50.39],[25.17,50.4],[25.17,50.41],[25.155,50.425],[25.14,50.43],[25.15,50.45],[25.115,50.465],[25.15,50.465],[25.16,50.5],[25.145,50.52],[25.12,50.53],[25.12,50.555],[25.135,50.55],[25.19,50.55],[25.19,50.545],[25.23,50.54],[25.245,50.535],[25.27,50.535],[25.31,50.545],[25.32,50.57],[25.32,50.585],[25.295,50.61],[25.29,50.63],[25.31,50.63],[25.325,50.615],[25.4,50.605],[25.385,50.63],[25.35,50.65],[25.38,50.65],[25.39,50.675],[25.415,50.665],[25.46,50.66],[25.475,50.67],[25.515,50.685],[25.53,50.685],[25.58,50.7],[25.59,50.7],[25.605,50.72],[25.625,50.715],[25.695,50.725],[25.7,50.705],[25.72,50.685],[25.71,50.67],[25.745,50.67],[25.775,50.675],[25.795,50.665],[25.83,50.62],[25.845,50.63],[25.825,50.645],[25.87,50.685],[25.88,50.71],[25.87,50.74],[25.885,50.765],[25.89,50.8],[25.9,50.815],[25.905,50.83],[25.925,50.83],[25.97,50.825],[25.98,50.82],[26.02,50.82],[26.035,50.85],[26.01,50.865],[25.99,50.865],[26,50.935],[25.965,50.955],[26,50.965],[26.02,50.965],[26.045,50.97],[26.085,50.975],[26.08,50.99],[26.09,51.005],[26.105,51.005],[26.09,51.05],[26.015,51.085],[25.975,51.08],[25.945,51.085],[25.95,51.105],[25.94,51.115],[25.96,51.125],[25.99,51.125],[26.065,51.15],[26.07,51.175],[25.995,51.23],[25.95,51.23],[25.945,51.25],[25.935,51.26],[25.935,51.275],[25.915,51.29],[25.875,51.305],[25.875,51.315],[25.845,51.32],[25.83,51.335],[25.84,51.375],[25.83,51.385],[25.805,51.375],[25.78,51.375],[25.755,51.38],[25.76,51.4],[25.725,51.4],[25.7,51.385],[25.69,51.405],[25.67,51.415],[25.645,51.415],[25.635,51.44],[25.645,51.445],[25.64,51.48],[25.62,51.475],[25.625,51.495],[25.61,51.505],[25.555,51.5],[25.55,51.52],[25.595,51.525],[25.57,51.55],[25.6,51.58],[25.585,51.59],[25.58,51.61],[25.565,51.605],[25.555,51.625],[25.53,51.615],[25.53,51.63],[25.57,51.635],[25.59,51.645],[25.61,51.64],[25.635,51.675],[25.64,51.69],[25.65,51.695],[25.65,51.71],[25.665,51.72],[25.66,51.73],[25.685,51.755],[25.67,51.77],[25.65,51.765],[25.655,51.79],[25.63,51.805],[25.65,51.825],[25.64,51.84],[25.64,51.85],[25.67,51.875],[25.71,51.895],[25.675,51.9],[25.63,51.905],[25.6,51.915],[25.595,51.925],[25.525,51.94],[25.51,51.92],[25.465,51.92],[25.41,51.92],[25.395,51.925],[25.345,51.935],[25.29,51.96],[25.265,51.97],[25.225,51.96],[25.19,51.97],[25.155,51.955],[25.115,51.95],[25.1,51.955],[25.06,51.94],[25.02,51.92],[24.995,51.915],[24.98,51.905],[24.935,51.89],[24.915,51.915],[24.845,51.895],[24.835,51.915],[24.81,51.91],[24.765,51.885],[24.75,51.88],[24.71,51.895],[24.67,51.895],[24.665,51.9],[24.605,51.9],[24.57,51.89],[24.52,51.89],[24.48,51.88],[24.39,51.88],[24.37,51.88],[24.335,51.855],[24.34,51.85],[24.3,51.815],[24.295,51.8],[24.305,51.77],[24.32,51.75],[24.27,51.715],[24.12,51.665],[24.1,51.64],[24.075,51.62],[24.035,51.605],[23.995,51.58],[23.955,51.59],[23.945,51.595],[23.905,51.6],[23.88,51.59],[23.88,51.61],[23.915,51.63],[23.865,51.645],[23.845,51.64],[23.83,51.645],[23.79,51.64],[23.79,51.655],[23.785,51.67],[23.705,51.65],[23.68,51.655],[23.665,51.64],[23.645,51.64],[23.605,51.615],[23.625,51.61],[23.625,51.6],[23.66,51.585],[23.665,51.575],[23.65,51.565],[23.635,51.55],[23.67,51.52],[23.67,51.5],[23.65,51.505],[23.62,51.495],[23.64,51.485],[23.66,51.49],[23.67,51.475],[23.655,51.46],[23.65,51.445],[23.675,51.44],[23.7,51.405],[23.68,51.37],[23.66,51.36],[23.635,51.32],[23.645,51.29],[23.68,51.29],[23.695,51.285],[23.725,51.255],[23.725,51.24],[23.785,51.19],[23.81,51.185],[23.82,51.165],[23.86,51.155],[23.87,51.13],[23.855,51.125],[23.86,51.095],[23.875,51.08],[23.915,51.07],[23.915,51.03],[23.94,51.005],[23.965,50.98],[23.97,50.95],[23.985,50.945],[24,50.93],[24.025,50.915],[24.04,50.905],[24.065,50.89],[24.085,50.89],[24.1,50.875],[24.145,50.87],[24.13,50.85],[24.095,50.835],[24.045,50.835],[24.04,50.84],[24.01,50.84],[23.99,50.84],[23.975,50.825],[23.96,50.795],[23.965,50.78],[23.98,50.77],[24.01,50.77],[24.02,50.745],[24.02,50.725],[24.045,50.715],[24.07,50.72],[24.07,50.7],[24.065,50.685],[24.08,50.675],[24.1,50.635],[24.13,50.645],[24.165,50.64],[24.175,50.62],[24.19,50.62],[24.23,50.585],[24.265,50.58],[24.295,50.575],[24.32,50.575],[24.325,50.6],[24.365,50.595],[24.38,50.61],[24.4,50.59],[24.4,50.575],[24.405,50.56],[24.45,50.54],[24.465,50.54],[24.49,50.55],[24.515,50.555],[24.53,50.55],[24.545,50.535],[24.56,50.51],[24.555,50.495],[24.585,50.49],[24.595,50.48],[24.6,50.455],[24.595,50.415],[24.625,50.41],[24.655,50.41],[24.72,50.375],[24.715,50.345],[24.765,50.34],[24.79,50.345],[24.855,50.35],[24.865,50.36],[24.885,50.36],[24.89,50.345],[24.935,50.345],[24.94,50.365],[24.93,50.38],[24.95,50.385],[25.015,50.34],[25.035,50.345],[25.06,50.34],[25.055,50.3],[25.07,50.295],[25.115,50.285]]]},"properties":{"shapeName":"Volyn Oblast","shapeISO":"UA-07","shapeID":"14850775B13681962240800","shapeType":"ADM1"}},
{"type":"Feature","geometry":{"type":"Polygon","coordinates":[[[25.115,50.285],[25.13,50.28],[25.155,50.29],[25.175,50.29],[25.205,50.28],[25.205,50.255],[25.19,50.25],[25.17,50.225],[25.17,50.2],[25.215,50.18],[25.195,50.13],[25.205,50.12],[25.285,50.05],[25.32,50.015],[25.345,50.005],[25.36,50.015],[25.365,50.045],[25.43,50.055],[25.44,50.07],[25.455,50.08],[25.455,50.095],[25.49,50.1],[25.485,50.115],[25.455,50.115],[25.45,50.125],[25.45,50.15],[25.475,50.165],[25.5,50.155],[25.555,50.15],[25.575,50.175],[25.61,50.165],[25.625,50.15],[25.685,50.175],[25.705,50.17],[25.725,50.175],[25.73,50.185],[25.755,50.18],[25.795,50.185],[25.82,50.18],[25.86,50.19],[25.87,50.21],[25.9,50.235],[25.935,50.255],[25.965,50.255],[25.97,50.245],[25.99,50.245],[26.02,50.23],[26.065,50.255],[26.08,50.25],[26.16,50.23],[26.19,50.265],[26.215,50.265],[26.21,50.25],[26.21,50.23],[26.195,50.23],[26.18,50.195],[26.22,50.18],[26.235,50.17],[26.285,50.185],[26.305,50.2],[26.305,50.215],[26.325,50.23],[26.35,50.24],[26.365,50.25],[26.385,50.255],[26.4,50.265],[26.42,50.26],[26.47,50.26],[26.495,50.265],[26.495,50.28],[26.515,50.285],[26.52,50.305],[26.545,50.31],[26.56,50.315],[26.55,50.33],[26.585,50.34],[26.6,50.37],[26.62,50.37],[26.65,50.365],[26.66,50.39],[26.68,50.39],[26.69,50.42],[26.715,50.415],[26.715,50.44],[26.735,50.445],[26.74,50.46],[26.765,50.465],[26.765,50.49],[26.79,50.505],[26.82,50.505],[26.83,50.525],[26.855,50.51],[26.87,50.52],[26.88,50.535],[26.9,50.545],[26.94,50.53],[26.965,50.53],[27.005,50.54],[27.02,50.56],[27.055,50.55],[27.08,50.585],[27.105,50.585],[27.115,50.595],[27.13,50.59],[27.125,50.57],[27.13,50.56],[27.195,50.56],[27.23,50.565],[27.215,50.59],[27.225,50.605],[27.205,50.61],[27.19,50.625],[27.21,50.64],[27.22,50.675],[27.245,50.675],[27.25,50.69],[27.275,50.71],[27.275,50.735],[27.265,50.745],[27.27,50.765],[27.24,50.77],[27.245,50.795],[27.235,50.795],[27.24,50.825],[27.23,50.84],[27.25,50.86],[27.245,50.87],[27.255,50.895],[27.225,50.91],[27.215,50.925],[27.24,50.945],[27.225,50.95],[27.225,50.96],[27.2,51],[27.225,51.01],[27.22,51.03],[27.275,51.035],[27.28,51.04],[27.325,51.045],[27.32,51.055],[27.325,51.08],[27.335,51.09],[27.365,51.1],[27.37,51.11],[27.365,51.145],[27.4,51.17],[27.405,51.18],[27.4,51.2],[27.415,51.2],[27.445,51.225],[27.46,51.225],[27.47,51.24],[27.45,51.26],[27.46,51.265],[27.45,51.28],[27.44,51.31],[27.49,51.315],[27.52,51.34],[27.525,51.365],[27.495,51.375],[27.49,51.41],[27.505,51.435],[27.525,51.445],[27.535,51.43],[27.565,51.415],[27.585,51.4],[27.615,51.405],[27.6,51.43],[27.58,51.43],[27.58,51.48],[27.625,51.48],[27.645,51.5],[27.67,51.495],[27.67,51.52],[27.685,51.52],[27.685,51.54],[27.725,51.56],[27.735,51.595],[27.73,51.605],[27.695,51.605],[27.69,51.615],[27.645,51.61],[27.62,51.605],[27.59,51.625],[27.555,51.635],[27.545,51.62],[27.525,51.635],[27.515,51.63],[27.515,51.61],[27.51,51.59],[27.485,51.595],[27.46,51.62],[27.425,51.615],[27.425,51.605],[27.395,51.605],[27.36,51.615],[27.345,51.605],[27.265,51.605],[27.25,51.61],[27.245,51.62],[27.275,51.645],[27.275,51.655],[27.25,51.665],[27.215,51.665],[27.21,51.72],[27.205,51.775],[26.995,51.77],[26.95,51.735],[26.915,51.75],[26.885,51.75],[26.85,51.765],[26.825,51.765],[26.81,51.755],[26.795,51.765],[26.76,51.78],[26.755,51.805],[26.73,51.815],[26.705,51.815],[26.69,51.825],[26.615,51.825],[26.56,51.815],[26.55,51.8],[26.475,51.8],[26.475,51.815],[26.45,51.82],[26.425,51.84],[26.4,51.835],[26.4,51.875],[26.37,51.865],[26.345,51.865],[26.31,51.86],[26.27,51.87],[26.23,51.87],[26.195,51.865],[26.16,51.87],[26.13,51.895],[26.11,51.9],[26.1,51.91],[26.05,51.915],[26.04,51.925],[26,51.93],[25.965,51.925],[25.955,51.92],[25.915,51.915],[25.9,51.92],[25.83,51.925],[25.82,51.945],[25.77,51.95],[25.78,51.93],[25.77,51.925],[25.71,51.92],[25.68,51.92],[25.595,51.925],[25.6,51.915],[25.63,51.905],[25.675,51.9],[25.71,51.895],[25.67,51.875],[25.64,51.85],[25.64,51.84],[25.65,51.825],[25.63,51.805],[25.655,51.79],[25.65,51.765],[25.67,51.77],[25.685,51.755],[25.66,51.73],[25.665,51.72],[25.65,51.71],[25.65,51.695],[25.64,51.69],[25.635,51.675],[25.61,51.64],[25.59,51.645],[25.57,51.635],[25.53,51.63],[25.53,51.615],[25.555,51.625],[25.565,51.605],[25.58,51.61],[25.585,51.59],[25.6,51.58],[25.57,51.55],[25.595,51.525],[25.55,51.52],[25.555,51.5],[25.61,51.505],[25.625,51.495],[25.62,51.475],[25.64,51.48],[25.645,51.445],[25.635,51.44],[25.645,51.415],[25.67,51.415],[25.69,51.405],[25.7,51.385],[25.725,51.4],[25.76,51.4],[25.755,51.38],[25.78,51.375],[25.805,51.375],[25.83,51.385],[25.84,51.375],[25.83,51.335],[25.845,51.32],[25.875,51.315],[25.875,51.305],[25.915,51.29],[25.935,51.275],[25.935,51.26],[25.945,51.25],[25.95,51.23],[25.995,51.23],[26.07,51.175],[26.065,51.15],[25.99,51.125],[25.96,51.125],[25.94,51.115],[25.95,51.105],[25.945,51.085],[25.975,51.08],[26.015,51.085],[26.09,51.05],[26.105,51.005],[26.09,51.005],[26.08,50.99],[26.085,50.975],[26.045,50.97],[26.02,50.965],[26,50.965],[25.965,50.955],[26,50.935],[25.99,50.865],[26.01,50.865],[26.035,50.85],[26.02,50.82],[25.98,50.82],[25.97,50.825],[25.925,50.83],[25.905,50.83],[25.9,50.815],[25.89,50.8],[25.885,50.765],[25.87,50.74],[25.88,50.71],[25.87,50.685],[25.825,50.645],[25.845,50.63],[25.83,50.62],[25.795,50.665],[25.775,50.675],[25.745,50.67],[25.71,50.67],[25.72,50.685],[25.7,50.705],[25.695,50.725],[25.625,50.715],[25.605,50.72],[25.59,50.7],[25.58,50.7],[25.53,50.685],[25.515,50.685],[25.475,50.67],[25.46,50.66],[25.415,50.665],[25.39,50.675],[25.38,50.65],[25.35,50.65],[25.385,50.63],[25.4,50.605],[25.325,50.615],[25.31,50.63],[25.29,50.63],[25.295,50.61],[25.32,50.585],[25.32,50.57],[25.31,50.545],[25.27,50.535],[25.245,50.535],[25.23,50.54],[25.19,50.545],[25.19,50.55],[25.135,50.55],[25.12,50.555],[25.12,50.53],[25.145,50.52],[25.16,50.5],[25.15,50.465],[25.115,50.465],[25.15,50.45],[25.14,50.43],[25.155,50.425],[25.17,50.41],[25.17,50.4],[25.2,50.39],[25.21,50.375],[25.2,50.365],[25.18,50.36],[25.17,50.38],[25.145,50.36],[25.145,50.345],[25.165,50.33],[25.11,50.31],[25.1,50.295],[25.115,50.285]]]},"properties":{"shapeName":"Rivne Oblast","shapeISO":"UA-56","shapeID":"14850775B83802928232754","shapeType":"ADM1"}},
{"type":"Feature","geometry":{"type":"Polygon","coordinates":[[[27.195,50.56],[27.205,50.53],[27.26,50.51],[27.27,50.49],[27.3,50.495],[27.29,50.475],[27.29,50.455],[27.26,50.42],[27.25,50.395],[27.32,50.37],[27.325,50.355],[27.315,50.34],[27.325,50.335],[27.365,50.33],[27.415,50.305],[27.415,50.275],[27.445,50.275],[27.44,50.26],[27.48,50.255],[27.49,50.24],[27.525,50.225],[27.54,50.245],[27.565,50.245],[27.58,50.26],[27.595,50.26],[27.6,50.24],[27.595,50.215],[27.61,50.215],[27.62,50.2],[27.62,50.17],[27.64,50.175],[27.635,50.19],[27.66,50.195],[27.665,50.17],[27.675,50.155],[27.65,50.155],[27.635,50.145],[27.625,50.125],[27.63,50.105],[27.615,50.085],[27.655,50.08],[27.675,50.07],[27.68,50.035],[27.67,50.025],[27.64,50.035],[27.61,50.005],[27.585,50.015],[27.565,50.02],[27.545,50.01],[27.545,50],[27.56,49.985],[27.565,49.96],[27.55,49.935],[27.55,49.9],[27.59,49.895],[27.595,49.89],[27.625,49.89],[27.61,49.875],[27.62,49.84],[27.665,49.795],[27.67,49.81],[27.695,49.81],[27.725,49.8],[27.705,49.77],[27.75,49.755],[27.78,49.73],[27.81,49.73],[27.815,49.735],[27.815,49.745],[27.85,49.755],[27.89,49.76],[27.9,49.765],[27.935,49.77],[27.96,49.78],[27.98,49.78],[28.02,49.77],[28.095,49.77],[28.155,49.785],[28.22,49.79],[28.245,49.8],[28.295,49.8],[28.35,49.79],[28.38,49.78],[28.405,49.79],[28.42,49.825],[28.47,49.825],[28.48,49.805],[28.53,49.82],[28.555,49.785],[28.57,49.775],[28.6,49.785],[28.6,49.81],[28.635,49.815],[28.68,49.8],[28.69,49.815],[28.715,49.815],[28.725,49.795],[28.75,49.82],[28.75,49.845],[28.785,49.845],[28.785,49.85],[28.815,49.855],[28.845,49.86],[28.855,49.89],[28.88,49.89],[28.9,49.88],[28.905,49.86],[28.935,49.855],[28.955,49.84],[28.945,49.82],[28.96,49.82],[28.97,49.805],[28.94,49.785],[28.965,49.775],[28.965,49.755],[29,49.74],[29.005,49.73],[28.975,49.7],[28.965,49.7],[28.95,49.675],[28.965,49.67],[28.99,49.645],[29.01,49.635],[28.985,49.605],[28.995,49.595],[29.025,49.59],[29.105,49.595],[29.115,49.585],[29.15,49.595],[29.19,49.585],[29.21,49.59],[29.24,49.605],[29.255,49.59],[29.275,49.59],[29.275,49.625],[29.325,49.63],[29.34,49.615],[29.355,49.625],[29.38,49.62],[29.395,49.65],[29.41,49.66],[29.43,49.665],[29.48,49.65],[29.505,49.65],[29.515,49.665],[29.49,49.67],[29.49,49.71],[29.45,49.71],[29.435,49.73],[29.445,49.735],[29.465,49.76],[29.44,49.8],[29.47,49.815],[29.485,49.8],[29.495,49.81],[29.49,49.825],[29.505,49.835],[29.54,49.82],[29.55,49.835],[29.575,49.835],[29.62,49.855],[29.64,49.87],[29.65,49.865],[29.665,49.875],[29.63,49.88],[29.64,49.9],[29.705,49.925],[29.73,49.935],[29.735,49.945],[29.715,49.965],[29.715,49.98],[29.695,49.99],[29.68,50.03],[29.695,50.045],[29.695,50.07],[29.65,50.105],[29.66,50.13],[29.69,50.145],[29.68,50.16],[29.645,50.18],[29.67,50.2],[29.69,50.23],[29.68,50.255],[29.665,50.265],[29.68,50.275],[29.675,50.295],[29.68,50.31],[29.675,50.32],[29.625,50.33],[29.61,50.34],[29.64,50.355],[29.605,50.375],[29.59,50.375],[29.59,50.4],[29.56,50.42],[29.48,50.415],[29.48,50.405],[29.455,50.4],[29.445,50.415],[29.47,50.415],[29.495,50.435],[29.495,50.45],[29.445,50.45],[29.455,50.47],[29.48,50.46],[29.51,50.47],[29.505,50.5],[29.46,50.515],[29.465,50.53],[29.505,50.55],[29.495,50.59],[29.475,50.605],[29.445,50.62],[29.485,50.645],[29.53,50.665],[29.53,50.675],[29.55,50.695],[29.56,50.695],[29.585,50.71],[29.595,50.725],[29.58,50.745],[29.57,50.77],[29.51,50.775],[29.52,50.79],[29.5,50.8],[29.49,50.81],[29.53,50.825],[29.495,50.84],[29.52,50.87],[29.515,50.88],[29.49,50.89],[29.47,50.905],[29.465,50.925],[29.435,50.945],[29.41,50.95],[29.41,50.985],[29.44,50.99],[29.47,50.985],[29.465,51.02],[29.485,51.04],[29.51,51.06],[29.495,51.075],[29.455,51.09],[29.425,51.125],[29.35,51.16],[29.33,51.16],[29.33,51.125],[29.31,51.14],[29.27,51.265],[29.315,51.275],[29.335,51.27],[29.355,51.275],[29.4,51.32],[29.395,51.34],[29.395,51.38],[29.36,51.375],[29.36,51.385],[29.34,51.385],[29.32,51.395],[29.325,51.41],[29.315,51.42],[29.31,51.455],[29.275,51.46],[29.27,51.475],[29.25,51.495],[29.255,51.525],[29.265,51.53],[29.265,51.55],[29.25,51.57],[29.22,51.57],[29.205,51.58],[29.205,51.6],[29.18,51.61],[29.19,51.62],[29.165,51.63],[29.18,51.65],[29.14,51.65],[29.12,51.655],[29.08,51.63],[29.045,51.605],[29.035,51.59],[29,51.575],[28.985,51.575],[28.97,51.59],[28.93,51.585],[28.905,51.59],[28.84,51.56],[28.825,51.56],[28.8,51.53],[28.765,51.485],[28.775,51.48],[28.785,51.455],[28.775,51.45],[28.77,51.43],[28.755,51.415],[28.74,51.435],[28.74,51.465],[28.705,51.44],[28.69,51.445],[28.66,51.52],[28.66,51.53],[28.635,51.575],[28.56,51.575],[28.56,51.585],[28.53,51.585],[28.52,51.59],[28.47,51.595],[28.395,51.55],[28.36,51.54],[28.36,51.56],[28.345,51.58],[28.285,51.625],[28.265,51.62],[28.26,51.63],[28.275,51.67],[28.265,51.68],[28.175,51.645],[28.175,51.63],[28.15,51.605],[28.135,51.61],[28.115,51.585],[28.07,51.575],[28.05,51.565],[27.945,51.56],[27.975,51.585],[27.925,51.58],[27.93,51.595],[27.92,51.615],[27.9,51.62],[27.855,51.635],[27.82,51.62],[27.84,51.61],[27.83,51.58],[27.855,51.545],[27.835,51.535],[27.805,51.53],[27.77,51.495],[27.77,51.48],[27.74,51.475],[27.725,51.49],[27.7,51.5],[27.67,51.52],[27.67,51.495],[27.645,51.5],[27.625,51.48],[27.58,51.48],[27.58,51.43],[27.6,51.43],[27.615,51.405],[27.585,51.4],[27.565,51.415],[27.535,51.43],[27.525,51.445],[27.505,51.435],[27.49,51.41],[27.495,51.375],[27.525,51.365],[27.52,51.34],[27.49,51.315],[27.44,51.31],[27.45,51.28],[27.46,51.265],[27.45,51.26],[27.47,51.24],[27.46,51.225],[27.445,51.225],[27.415,51.2],[27.4,51.2],[27.405,51.18],[27.4,51.17],[27.365,51.145],[27.37,51.11],[27.365,51.1],[27.335,51.09],[27.325,51.08],[27.32,51.055],[27.325,51.045],[27.28,51.04],[27.275,51.035],[27.22,51.03],[27.225,51.01],[27.2,51],[27.225,50.96],[27.225,50.95],[27.24,50.945],[27.215,50.925],[27.225,50.91],[27.255,50.895],[27.245,50.87],[27.25,50.86],[27.23,50.84],[27.24,50.825],[27.235,50.795],[27.245,50.795],[27.24,50.77],[27.27,50.765],[27.265,50.745],[27.275,50.735],[27.275,50.71],[27.25,50.69],[27.245,50.675],[27.22,50.675],[27.21,50.64],[27.19,50.625],[27.205,50.61],[27.225,50.605],[27.215,50.59],[27.23,50.565],[27.195,50.56]]]},"properties":{"shapeName":"Zhytomyr Oblast","shapeISO":"UA-18","shapeID":"14850775B79197734087513","shapeType":"ADM1"}},
{"type":"Feature","geometry":{"type":"MultiPolygon","coordinates":[[[[30.785,51.535],[30.735,51.54],[30.735,51.55],[30.705,51.555],[30.705,51.53],[30.7,51.52],[30.78,51.51],[30.785,51.535]]],[[[29.505,49.65],[29.535,49.635],[29.515,49.62],[29.5,49.595],[29.53,49.565],[29.54,49.54],[29.54,49.52],[29.565,49.51],[29.585,49.505],[29.585,49.495],[29.56,49.5],[29.545,49.485],[29.56,49.465],[29.59,49.455],[29.595,49.445],[29.57,49.435],[29.56,49.415],[29.54,49.4],[29.505,49.395],[29.505,49.37],[29.52,49.36],[29.52,49.335],[29.535,49.325],[29.59,49.32],[29.615,49.305],[29.605,49.3],[29.625,49.275],[29.615,49.265],[29.64,49.245],[29.665,49.25],[29.69,49.235],[29.695,49.255],[29.71,49.265],[29.725,49.23],[29.735,49.23],[29.745,49.22],[29.73,49.21],[29.76,49.18],[29.815,49.185],[29.82,49.18],[29.86,49.19],[29.885,49.185],[29.875,49.2],[29.91,49.215],[29.935,49.25],[29.955,49.25],[29.955,49.285],[29.945,49.3],[29.985,49.315],[30.005,49.315],[30.01,49.325],[30.03,49.335],[30.08,49.32],[30.085,49.315],[30.09,49.285],[30.11,49.27],[30.125,49.28],[30.12,49.295],[30.105,49.305],[30.13,49.315],[30.15,49.325],[30.2,49.325],[30.19,49.275],[30.255,49.27],[30.26,49.27],[30.335,49.26],[30.385,49.255],[30.395,49.3],[30.42,49.305],[30.415,49.33],[30.44,49.335],[30.435,49.35],[30.475,49.365],[30.515,49.33],[30.54,49.33],[30.57,49.355],[30.585,49.35],[30.61,49.37],[30.64,49.355],[30.66,49.36],[30.685,49.35],[30.71,49.335],[30.73,49.33],[30.75,49.345],[30.78,49.345],[30.8,49.355],[30.82,49.355],[30.87,49.35],[30.88,49.36],[30.91,49.36],[30.935,49.405],[30.92,49.415],[30.955,49.425],[30.99,49.42],[31.005,49.43],[31.005,49.45],[31.03,49.47],[31.085,49.49],[31.095,49.5],[31.095,49.515],[31.105,49.53],[31.1,49.54],[31.11,49.555],[31.14,49.55],[31.15,49.56],[31.13,49.585],[31.135,49.605],[31.155,49.63],[31.2,49.675],[31.195,49.7],[31.21,49.73],[31.22,49.735],[31.205,49.755],[31.215,49.775],[31.19,49.79],[31.22,49.83],[31.21,49.85],[31.245,49.87],[31.26,49.86],[31.29,49.885],[31.31,49.89],[31.375,49.9],[31.38,49.905],[31.36,49.925],[31.335,49.945],[31.345,49.95],[31.31,49.965],[31.295,49.975],[31.31,49.995],[31.355,49.99],[31.39,49.995],[31.42,49.99],[31.445,49.975],[31.435,49.96],[31.435,49.945],[31.425,49.935],[31.42,49.91],[31.44,49.875],[31.47,49.875],[31.475,49.865],[31.52,49.86],[31.515,49.87],[31.555,49.875],[31.58,49.895],[31.58,49.905],[31.615,49.905],[31.615,49.88],[31.615,49.855],[31.67,49.86],[31.71,49.85],[31.715,49.855],[31.75,49.895],[31.775,49.895],[31.77,49.92],[31.795,49.935],[31.815,49.96],[31.815,49.965],[31.89,49.965],[31.9,49.945],[31.92,49.96],[31.91,50.025],[31.97,50.045],[31.985,50.055],[31.925,50.06],[31.91,50.06],[31.91,50.1],[31.975,50.125],[31.96,50.14],[31.945,50.135],[31.935,50.16],[31.965,50.15],[31.99,50.185],[32.015,50.205],[32.04,50.19],[32.055,50.19],[32.085,50.22],[32.105,50.22],[32.115,50.23],[32.09,50.245],[32.1,50.275],[32.1,50.285],[32.14,50.305],[32.13,50.315],[32.145,50.32],[32.15,50.335],[32.145,50.35],[32.16,50.37],[32.155,50.375],[32.12,50.38],[32.095,50.37],[32.075,50.395],[32.045,50.4],[32.04,50.43],[32.025,50.435],[32.02,50.46],[31.97,50.465],[31.975,50.48],[31.995,50.495],[32.005,50.485],[32.045,50.495],[32.065,50.51],[32.05,50.525],[32.065,50.54],[31.975,50.54],[31.955,50.545],[31.94,50.57],[31.92,50.595],[31.865,50.62],[31.855,50.63],[31.81,50.625],[31.81,50.605],[31.785,50.605],[31.79,50.58],[31.775,50.58],[31.78,50.56],[31.685,50.565],[31.67,50.55],[31.645,50.555],[31.645,50.535],[31.63,50.52],[31.575,50.53],[31.565,50.52],[31.54,50.525],[31.495,50.52],[31.455,50.51],[31.445,50.5],[31.42,50.505],[31.415,50.52],[31.4,50.525],[31.36,50.53],[31.33,50.5],[31.32,50.525],[31.27,50.535],[31.255,50.545],[31.245,50.57],[31.19,50.575],[31.19,50.59],[31.165,50.59],[31.165,50.61],[31.22,50.605],[31.225,50.625],[31.205,50.64],[31.2,50.655],[31.22,50.67],[31.215,50.695],[31.205,50.705],[31.19,50.7],[31.19,50.725],[31.14,50.745],[31.12,50.75],[31.125,50.775],[31.075,50.78],[31.07,50.765],[31.03,50.76],[31.015,50.765],[30.975,50.76],[30.935,50.765],[30.88,50.77],[30.875,50.745],[30.835,50.745],[30.835,50.76],[30.77,50.78],[30.74,50.77],[30.735,50.785],[30.745,50.79],[30.745,50.805],[30.77,50.815],[30.775,50.835],[30.77,50.85],[30.775,50.865],[30.75,50.885],[30.715,50.9],[30.685,50.9],[30.655,50.955],[30.645,50.965],[30.65,50.985],[30.64,51.005],[30.605,51.01],[30.6,51.025],[30.5,51.02],[30.495,51.05],[30.505,51.06],[30.51,51.075],[30.485,51.09],[30.515,51.11],[30.495,51.13],[30.49,51.165],[30.5,51.175],[30.525,51.175],[30.515,51.19],[30.53,51.2],[30.505,51.225],[30.52,51.235],[30.55,51.23],[30.56,51.24],[30.54,51.265],[30.505,51.28],[30.46,51.275],[30.465,51.29],[30.465,51.305],[30.425,51.305],[30.4,51.315],[30.35,51.35],[30.325,51.36],[30.365,51.38],[30.35,51.425],[30.32,51.435],[30.3,51.455],[30.245,51.485],[30.215,51.495],[30.18,51.515],[30.17,51.51],[30.165,51.49],[30.12,51.505],[30.12,51.49],[30.07,51.5],[30.02,51.505],[30.015,51.49],[29.97,51.475],[29.95,51.485],[29.925,51.49],[29.895,51.485],[29.89,51.465],[29.875,51.445],[29.85,51.45],[29.845,51.46],[29.8,51.445],[29.77,51.45],[29.75,51.455],[29.735,51.48],[29.745,51.515],[29.74,51.53],[29.715,51.53],[29.7,51.52],[29.675,51.51],[29.675,51.505],[29.635,51.505],[29.625,51.495],[29.61,51.495],[29.605,51.47],[29.58,51.46],[29.54,51.485],[29.535,51.465],[29.52,51.45],[29.515,51.425],[29.495,51.395],[29.42,51.415],[29.385,51.4],[29.36,51.385],[29.36,51.375],[29.395,51.38],[29.395,51.34],[29.4,51.32],[29.355,51.275],[29.335,51.27],[29.315,51.275],[29.27,51.265],[29.31,51.14],[29.33,51.125],[29.33,51.16],[29.35,51.16],[29.425,51.125],[29.455,51.09],[29.495,51.075],[29.51,51.06],[29.485,51.04],[29.465,51.02],[29.47,50.985],[29.44,50.99],[29.41,50.985],[29.41,50.95],[29.435,50.945],[29.465,50.925],[29.47,50.905],[29.49,50.89],[29.515,50.88],[29.52,50.87],[29.495,50.84],[29.53,50.825],[29.49,50.81],[29.5,50.8],[29.52,50.79],[29.51,50.775],[29.57,50.77],[29.58,50.745],[29.595,50.725],[29.585,50.71],[29.56,50.695],[29.55,50.695],[29.53,50.675],[29.53,50.665],[29.485,50.645],[29.445,50.62],[29.475,50.605],[29.495,50.59],[29.505,50.55],[29.465,50.53],[29.46,50.515],[29.505,50.5],[29.51,50.47],[29.48,50.46],[29.455,50.47],[29.445,50.45],[29.495,50.45],[29.495,50.435],[29.47,50.415],[29.445,50.415],[29.455,50.4],[29.48,50.405],[29.48,50.415],[29.56,50.42],[29.59,50.4],[29.59,50.375],[29.605,50.375],[29.64,50.355],[29.61,50.34],[29.625,50.33],[29.675,50.32],[29.68,50.31],[29.675,50.295],[29.68,50.275],[29.665,50.265],[29.68,50.255],[29.69,50.23],[29.67,50.2],[29.645,50.18],[29.68,50.16],[29.69,50.145],[29.66,50.13],[29.65,50.105],[29.695,50.07],[29.695,50.045],[29.68,50.03],[29.695,49.99],[29.715,49.98],[29.715,49.965],[29.735,49.945],[29.73,49.935],[29.705,49.925],[29.64,49.9],[29.63,49.88],[29.665,49.875],[29.65,49.865],[29.64,49.87],[29.62,49.855],[29.575,49.835],[29.55,49.835],[29.54,49.82],[29.505,49.835],[29.49,49.825],[29.495,49.81],[29.485,49.8],[29.47,49.815],[29.44,49.8],[29.465,49.76],[29.445,49.735],[29.435,49.73],[29.45,49.71],[29.49,49.71],[29.49,49.67],[29.515,49.665],[29.505,49.65]],[[30.83,50.405],[30.82,50.39],[30.79,50.395],[30.775,50.375],[30.745,50.37],[30.72,50.385],[30.705,50.365],[30.71,50.35],[30.695,50.345],[30.675,50.36],[30.645,50.365],[30.615,50.36],[30.615,50.34],[30.645,50.3],[30.64,50.28],[30.61,50.28],[30.635,50.245],[30.645,50.225],[30.595,50.215],[30.585,50.245],[30.575,50.26],[30.555,50.26],[30.54,50.275],[30.545,50.29],[30.53,50.29],[30.535,50.315],[30.49,50.335],[30.475,50.335],[30.47,50.36],[30.44,50.355],[30.43,50.37],[30.445,50.38],[30.42,50.4],[30.395,50.405],[30.37,50.42],[30.36,50.445],[30.315,50.44],[30.28,50.445],[30.27,50.425],[30.235,50.43],[30.24,50.45],[30.26,50.47],[30.25,50.485],[30.27,50.505],[30.265,50.52],[30.3,50.53],[30.31,50.555],[30.34,50.575],[30.37,50.575],[30.37,50.585],[30.445,50.585],[30.465,50.57],[30.49,50.57],[30.495,50.55],[30.53,50.535],[30.55,50.515],[30.57,50.52],[30.555,50.53],[30.555,50.54],[30.595,50.535],[30.65,50.535],[30.665,50.55],[30.695,50.56],[30.71,50.57],[30.725,50.59],[30.77,50.575],[30.79,50.575],[30.815,50.565],[30.815,50.535],[30.755,50.52],[30.76,50.51],[30.74,50.5],[30.755,50.49],[30.745,50.48],[30.755,50.46],[30.745,50.46],[30.8,50.425],[30.795,50.415],[30.83,50.405]]]]},"properties":{"shapeName":"Kyiv Oblast","shapeISO":"UA-32","shapeID":"14850775B37539954297462","shapeType":"ADM1"}},
{"type":"Feature","geometry":{"type":"Polygon","coordinates":[[[32.145,50.35],[32.22,50.36],[32.225,50.35],[32.255,50.345],[32.265,50.35],[32.25,50.375],[32.28,50.375],[32.29,50.38],[32.295,50.4],[32.325,50.405],[32.315,50.415],[32.33,50.425],[32.365,50.425],[32.37,50.415],[32.4,50.41],[32.445,50.4],[32.495,50.395],[32.495,50.365],[32.51,50.36],[32.53,50.345],[32.56,50.36],[32.585,50.355],[32.635,50.355],[32.635,50.365],[32.67,50.37],[32.67,50.36],[32.73,50.355],[32.75,50.36],[32.795,50.345],[32.79,50.37],[32.84,50.375],[32.9,50.405],[32.915,50.41],[32.915,50.425],[32.95,50.445],[32.97,50.45],[32.98,50.465],[32.97,50.475],[33.015,50.48],[33.065,50.52],[33.05,50.54],[33.075,50.56],[33.095,50.58],[33.12,50.64],[33.145,50.655],[33.15,50.695],[33.135,50.71],[33.2,50.725],[33.21,50.735],[33.21,50.745],[33.19,50.745],[33.155,50.79],[33.165,50.79],[33.165,50.815],[33.155,50.825],[33.175,50.845],[33.175,50.875],[33.17,50.885],[33.18,50.895],[33.195,50.89],[33.21,50.905],[33.2,50.92],[33.2,50.96],[33.18,50.96],[33.135,50.965],[33.14,50.97],[33.115,51.005],[33.075,50.99],[33.08,50.98],[33.04,50.995],[33.05,51.01],[33.085,51.035],[33.06,51.05],[33.07,51.07],[33.04,51.07],[33.04,51.08],[32.945,51.09],[32.995,51.145],[32.96,51.165],[32.985,51.185],[32.99,51.195],[33.03,51.2],[33.04,51.205],[33.03,51.225],[33.07,51.255],[33.06,51.265],[33.075,51.275],[33.065,51.29],[33.045,51.295],[33.07,51.31],[33.07,51.33],[33.08,51.34],[33.035,51.35],[33.035,51.37],[33.015,51.395],[33.06,51.385],[33.06,51.37],[33.105,51.365],[33.11,51.38],[33.135,51.385],[33.135,51.415],[33.115,51.43],[33.135,51.495],[33.16,51.495],[33.19,51.505],[33.18,51.54],[33.165,51.545],[33.155,51.555],[33.16,51.57],[33.19,51.575],[33.205,51.57],[33.215,51.58],[33.19,51.585],[33.175,51.595],[33.155,51.61],[33.155,51.64],[33.14,51.64],[33.125,51.65],[33.145,51.67],[33.145,51.685],[33.165,51.69],[33.14,51.725],[33.105,51.745],[33.095,51.765],[33.08,51.775],[33.11,51.795],[33.13,51.815],[33.145,51.82],[33.125,51.845],[33.125,51.86],[33.145,51.88],[33.17,51.88],[33.19,51.91],[33.235,51.91],[33.255,51.925],[33.29,51.925],[33.295,51.935],[33.315,51.935],[33.33,51.93],[33.355,51.93],[33.36,51.945],[33.395,51.96],[33.375,51.98],[33.35,51.985],[33.335,52.005],[33.32,52.015],[33.315,52.03],[33.345,52.03],[33.39,52.05],[33.4,52.05],[33.41,52.035],[33.43,52.025],[33.465,52.04],[33.5,52.04],[33.5,52.09],[33.49,52.085],[33.455,52.09],[33.415,52.125],[33.345,52.145],[33.33,52.155],[33.335,52.16],[33.315,52.175],[33.31,52.19],[33.33,52.2],[33.325,52.21],[33.365,52.235],[33.355,52.255],[33.37,52.26],[33.385,52.275],[33.385,52.295],[33.4,52.305],[33.405,52.32],[33.415,52.325],[33.43,52.345],[33.405,52.365],[33.38,52.37],[33.35,52.355],[33.29,52.36],[33.21,52.375],[33.17,52.375],[33.17,52.34],[33.135,52.345],[33.08,52.31],[33.06,52.32],[33.02,52.295],[32.995,52.29],[32.995,52.27],[32.96,52.275],[32.91,52.25],[32.89,52.245],[32.88,52.26],[32.885,52.275],[32.835,52.28],[32.815,52.26],[32.8,52.265],[32.765,52.255],[32.755,52.265],[32.725,52.255],[32.69,52.255],[32.685,52.265],[32.64,52.285],[32.61,52.305],[32.575,52.3],[32.55,52.325],[32.5,52.325],[32.49,52.315],[32.46,52.325],[32.435,52.32],[32.405,52.335],[32.375,52.335],[32.355,52.325],[32.35,52.315],[32.365,52.3],[32.37,52.275],[32.385,52.27],[32.395,52.245],[32.36,52.24],[32.345,52.245],[32.325,52.225],[32.33,52.205],[32.345,52.195],[32.325,52.16],[32.33,52.155],[32.365,52.155],[32.36,52.14],[32.32,52.135],[32.315,52.12],[32.295,52.12],[32.29,52.105],[32.265,52.09],[32.21,52.08],[32.19,52.07],[32.145,52.07],[32.145,52.055],[32.125,52.045],[32.095,52.045],[32.095,52.035],[32.065,52.035],[32.025,52.05],[31.96,52.05],[31.93,52.045],[31.92,52.055],[31.96,52.07],[31.915,52.095],[31.865,52.11],[31.845,52.11],[31.825,52.1],[31.8,52.1],[31.785,52.11],[31.72,52.095],[31.7,52.11],[31.66,52.12],[31.605,52.115],[31.565,52.12],[31.515,52.125],[31.48,52.115],[31.465,52.12],[31.455,52.14],[31.4,52.14],[31.39,52.125],[31.37,52.115],[31.33,52.105],[31.32,52.085],[31.3,52.05],[31.255,52.04],[31.22,52.05],[31.215,52.07],[31.16,52.08],[31.14,52.105],[31.1,52.09],[31.065,52.09],[30.99,52.08],[30.965,52.08],[30.93,52.07],[30.95,52.055],[30.935,52.04],[30.945,52.025],[30.895,52.005],[30.89,51.97],[30.86,51.975],[30.85,51.965],[30.82,51.955],[30.805,51.945],[30.825,51.92],[30.795,51.895],[30.755,51.905],[30.73,51.885],[30.72,51.875],[30.7,51.86],[30.69,51.825],[30.66,51.815],[30.67,51.805],[30.665,51.785],[30.64,51.785],[30.625,51.77],[30.65,51.765],[30.65,51.755],[30.63,51.735],[30.63,51.715],[30.605,51.705],[30.57,51.71],[30.56,51.7],[30.58,51.68],[30.575,51.64],[30.55,51.645],[30.555,51.625],[30.535,51.62],[30.535,51.61],[30.51,51.605],[30.51,51.595],[30.55,51.58],[30.535,51.575],[30.53,51.56],[30.555,51.54],[30.575,51.55],[30.585,51.545],[30.57,51.52],[30.59,51.495],[30.59,51.48],[30.62,51.47],[30.58,51.445],[30.585,51.43],[30.6,51.425],[30.62,51.43],[30.63,51.41],[30.655,51.375],[30.635,51.36],[30.655,51.345],[30.65,51.335],[30.625,51.335],[30.595,51.31],[30.615,51.31],[30.62,51.29],[30.575,51.27],[30.565,51.26],[30.54,51.265],[30.56,51.24],[30.55,51.23],[30.52,51.235],[30.505,51.225],[30.53,51.2],[30.515,51.19],[30.525,51.175],[30.5,51.175],[30.49,51.165],[30.495,51.13],[30.515,51.11],[30.485,51.09],[30.51,51.075],[30.505,51.06],[30.495,51.05],[30.5,51.02],[30.6,51.025],[30.605,51.01],[30.64,51.005],[30.65,50.985],[30.645,50.965],[30.655,50.955],[30.685,50.9],[30.715,50.9],[30.75,50.885],[30.775,50.865],[30.77,50.85],[30.775,50.835],[30.77,50.815],[30.745,50.805],[30.745,50.79],[30.735,50.785],[30.74,50.77],[30.77,50.78],[30.835,50.76],[30.835,50.745],[30.875,50.745],[30.88,50.77],[30.935,50.765],[30.975,50.76],[31.015,50.765],[31.03,50.76],[31.07,50.765],[31.075,50.78],[31.125,50.775],[31.12,50.75],[31.14,50.745],[31.19,50.725],[31.19,50.7],[31.205,50.705],[31.215,50.695],[31.22,50.67],[31.2,50.655],[31.205,50.64],[31.225,50.625],[31.22,50.605],[31.165,50.61],[31.165,50.59],[31.19,50.59],[31.19,50.575],[31.245,50.57],[31.255,50.545],[31.27,50.535],[31.32,50.525],[31.33,50.5],[31.36,50.53],[31.4,50.525],[31.415,50.52],[31.42,50.505],[31.445,50.5],[31.455,50.51],[31.495,50.52],[31.54,50.525],[31.565,50.52],[31.575,50.53],[31.63,50.52],[31.645,50.535],[31.645,50.555],[31.67,50.55],[31.685,50.565],[31.78,50.56],[31.775,50.58],[31.79,50.58],[31.785,50.605],[31.81,50.605],[31.81,50.625],[31.855,50.63],[31.865,50.62],[31.92,50.595],[31.94,50.57],[31.955,50.545],[31.975,50.54],[32.065,50.54],[32.05,50.525],[32.065,50.51],[32.045,50.495],[32.005,50.485],[31.995,50.495],[31.975,50.48],[31.97,50.465],[32.02,50.46],[32.025,50.435],[32.04,50.43],[32.045,50.4],[32.075,50.395],[32.095,50.37],[32.12,50.38],[32.155,50.375],[32.16,50.37],[32.145,50.35]],[[30.785,51.535],[30.78,51.51],[30.7,51.52],[30.705,51.53],[30.705,51.555],[30.735,51.55],[30.735,51.54],[30.785,51.535]]]},"properties":{"shapeName":"Chernihiv Oblast","shapeISO":"UA-74","shapeID":"14850775B55286662261645","shapeType":"ADM1"}},
{"type":"Feature","geometry":{"type":"Polygon","coordinates":[[[33.065,50.52],[33.1,50.515],[33.12,50.505],[33.145,50.51],[33.155,50.52],[33.18,50.52],[33.195,50.51],[33.22,50.505],[33.24,50.52],[33.245,50.54],[33.27,50.555],[33.285,50.55],[33.3,50.535],[33.315,50.535],[33.32,50.52],[33.375,50.52],[33.375,50.495],[33.415,50.5],[33.42,50.485],[33.465,50.495],[33.485,50.48],[33.5,50.5],[33.515,50.485],[33.54,50.49],[33.57,50.495],[33.635,50.48],[33.715,50.47],[33.735,50.46],[33.785,50.46],[33.79,50.48],[33.83,50.48],[33.85,50.5],[33.82,50.51],[33.82,50.515],[33.875,50.535],[33.89,50.535],[33.905,50.515],[33.915,50.515],[33.955,50.545],[34,50.525],[34.02,50.51],[34.04,50.505],[34.06,50.515],[34.105,50.505],[34.09,50.49],[34.11,50.48],[34.12,50.51],[34.17,50.525],[34.205,50.525],[34.22,50.535],[34.245,50.525],[34.255,50.49],[34.25,50.46],[34.25,50.44],[34.27,50.43],[34.29,50.415],[34.345,50.39],[34.375,50.37],[34.375,50.36],[34.39,50.345],[34.41,50.335],[34.4,50.32],[34.455,50.285],[34.465,50.29],[34.51,50.285],[34.53,50.24],[34.55,50.245],[34.57,50.225],[34.555,50.205],[34.525,50.175],[34.535,50.17],[34.525,50.155],[34.54,50.14],[34.575,50.12],[34.6,50.12],[34.655,50.11],[34.7,50.11],[34.7,50.15],[34.72,50.15],[34.735,50.16],[34.75,50.16],[34.745,50.145],[34.85,50.165],[34.9,50.16],[34.94,50.155],[34.965,50.155],[34.975,50.165],[34.975,50.18],[35.01,50.185],[35.03,50.18],[35.04,50.165],[35.075,50.2],[35.105,50.215],[35.15,50.24],[35.195,50.23],[35.2,50.235],[35.235,50.23],[35.26,50.235],[35.265,50.265],[35.3,50.265],[35.325,50.28],[35.295,50.29],[35.33,50.32],[35.38,50.295],[35.38,50.32],[35.41,50.32],[35.425,50.335],[35.44,50.315],[35.495,50.295],[35.525,50.29],[35.535,50.3],[35.515,50.315],[35.575,50.32],[35.595,50.33],[35.635,50.315],[35.655,50.31],[35.675,50.325],[35.68,50.345],[35.66,50.35],[35.63,50.355],[35.6,50.365],[35.61,50.375],[35.585,50.395],[35.585,50.45],[35.57,50.46],[35.545,50.455],[35.5,50.48],[35.475,50.49],[35.435,50.53],[35.44,50.545],[35.43,50.56],[35.39,50.58],[35.425,50.605],[35.415,50.615],[35.39,50.64],[35.4,50.655],[35.425,50.655],[35.465,50.665],[35.485,50.655],[35.485,50.67],[35.46,50.69],[35.465,50.71],[35.475,50.725],[35.465,50.735],[35.49,50.775],[35.475,50.785],[35.455,50.78],[35.41,50.81],[35.42,50.83],[35.42,50.845],[35.405,50.865],[35.4,50.88],[35.38,50.895],[35.405,50.905],[35.39,50.925],[35.335,50.935],[35.325,50.945],[35.335,50.965],[35.35,50.975],[35.33,50.995],[35.33,51.01],[35.36,51.005],[35.405,51.025],[35.405,51.05],[35.385,51.055],[35.375,51.065],[35.35,51.06],[35.31,51.08],[35.295,51.07],[35.265,51.06],[35.25,51.065],[35.215,51.045],[35.19,51.055],[35.175,51.07],[35.16,51.08],[35.175,51.09],[35.165,51.1],[35.165,51.125],[35.14,51.135],[35.14,51.15],[35.125,51.16],[35.13,51.195],[35.145,51.205],[35.14,51.22],[35.15,51.225],[35.105,51.235],[35.065,51.23],[35.06,51.215],[35.04,51.22],[35.01,51.23],[34.975,51.235],[34.95,51.225],[34.94,51.21],[34.91,51.205],[34.895,51.195],[34.87,51.19],[34.865,51.2],[34.815,51.17],[34.785,51.185],[34.775,51.175],[34.735,51.18],[34.725,51.19],[34.705,51.175],[34.69,51.18],[34.67,51.2],[34.665,51.245],[34.63,51.25],[34.61,51.25],[34.58,51.235],[34.54,51.25],[34.525,51.255],[34.515,51.24],[34.49,51.245],[34.455,51.255],[34.445,51.26],[34.415,51.265],[34.385,51.275],[34.33,51.24],[34.305,51.24],[34.245,51.265],[34.245,51.275],[34.24,51.29],[34.29,51.32],[34.28,51.335],[34.315,51.345],[34.34,51.355],[34.335,51.365],[34.3,51.375],[34.285,51.375],[34.245,51.4],[34.23,51.4],[34.22,51.43],[34.245,51.43],[34.255,51.44],[34.245,51.455],[34.265,51.47],[34.295,51.48],[34.29,51.51],[34.305,51.51],[34.295,51.535],[34.26,51.535],[34.255,51.56],[34.235,51.585],[34.215,51.575],[34.21,51.6],[34.18,51.595],[34.18,51.625],[34.165,51.645],[34.13,51.645],[34.105,51.655],[34.08,51.665],[34.13,51.69],[34.16,51.685],[34.215,51.705],[34.235,51.695],[34.295,51.71],[34.305,51.72],[34.34,51.715],[34.4,51.715],[34.435,51.735],[34.435,51.765],[34.41,51.78],[34.415,51.825],[34.385,51.845],[34.37,51.845],[34.36,51.86],[34.33,51.87],[34.305,51.885],[34.275,51.885],[34.265,51.88],[34.25,51.915],[34.235,51.915],[34.225,51.93],[34.205,51.94],[34.19,51.97],[34.145,51.97],[34.13,51.985],[34.14,52],[34.13,52.005],[34.095,52.005],[34.09,52.03],[34.1,52.04],[34.085,52.06],[34.08,52.07],[34.065,52.075],[34.1,52.095],[34.09,52.1],[34.11,52.125],[34.115,52.14],[34.09,52.155],[34.075,52.155],[34.055,52.17],[34.065,52.185],[34.055,52.195],[34.015,52.2],[34,52.21],[34,52.225],[33.965,52.235],[33.96,52.245],[33.935,52.25],[33.945,52.285],[33.91,52.31],[33.875,52.305],[33.84,52.32],[33.855,52.335],[33.84,52.35],[33.835,52.36],[33.79,52.365],[33.725,52.355],[33.715,52.36],[33.68,52.355],[33.68,52.345],[33.655,52.34],[33.605,52.335],[33.565,52.315],[33.56,52.3],[33.505,52.305],[33.48,52.315],[33.49,52.33],[33.515,52.335],[33.52,52.355],[33.47,52.36],[33.455,52.365],[33.43,52.345],[33.415,52.325],[33.405,52.32],[33.4,52.305],[33.385,52.295],[33.385,52.275],[33.37,52.26],[33.355,52.255],[33.365,52.235],[33.325,52.21],[33.33,52.2],[33.31,52.19],[33.315,52.175],[33.335,52.16],[33.33,52.155],[33.345,52.145],[33.415,52.125],[33.455,52.09],[33.49,52.085],[33.5,52.09],[33.5,52.04],[33.465,52.04],[33.43,52.025],[33.41,52.035],[33.4,52.05],[33.39,52.05],[33.345,52.03],[33.315,52.03],[33.32,52.015],[33.335,52.005],[33.35,51.985],[33.375,51.98],[33.395,51.96],[33.36,51.945],[33.355,51.93],[33.33,51.93],[33.315,51.935],[33.295,51.935],[33.29,51.925],[33.255,51.925],[33.235,51.91],[33.19,51.91],[33.17,51.88],[33.145,51.88],[33.125,51.86],[33.125,51.845],[33.145,51.82],[33.13,51.815],[33.11,51.795],[33.08,51.775],[33.095,51.765],[33.105,51.745],[33.14,51.725],[33.165,51.69],[33.145,51.685],[33.145,51.67],[33.125,51.65],[33.14,51.64],[33.155,51.64],[33.155,51.61],[33.175,51.595],[33.19,51.585],[33.215,51.58],[33.205,51.57],[33.19,51.575],[33.16,51.57],[33.155,51.555],[33.165,51.545],[33.18,51.54],[33.19,51.505],[33.16,51.495],[33.135,51.495],[33.115,51.43],[33.135,51.415],[33.135,51.385],[33.11,51.38],[33.105,51.365],[33.06,51.37],[33.06,51.385],[33.015,51.395],[33.035,51.37],[33.035,51.35],[33.08,51.34],[33.07,51.33],[33.07,51.31],[33.045,51.295],[33.065,51.29],[33.075,51.275],[33.06,51.265],[33.07,51.255],[33.03,51.225],[33.04,51.205],[33.03,51.2],[32.99,51.195],[32.985,51.185],[32.96,51.165],[32.995,51.145],[32.945,51.09],[33.04,51.08],[33.04,51.07],[33.07,51.07],[33.06,51.05],[33.085,51.035],[33.05,51.01],[33.04,50.995],[33.08,50.98],[33.075,50.99],[33.115,51.005],[33.14,50.97],[33.135,50.965],[33.18,50.96],[33.2,50.96],[33.2,50.92],[33.21,50.905],[33.195,50.89],[33.18,50.895],[33.17,50.885],[33.175,50.875],[33.175,50.845],[33.155,50.825],[33.165,50.815],[33.165,50.79],[33.155,50.79],[33.19,50.745],[33.21,50.745],[33.21,50.735],[33.2,50.725],[33.135,50.71],[33.15,50.695],[33.145,50.655],[33.12,50.64],[33.095,50.58],[33.075,50.56],[33.05,50.54],[33.065,50.52]]]},"properties":{"shapeName":"Sumy Oblast","shapeISO":"UA-59","shapeID":"14850775B14512392274127","shapeType":"ADM1"}},
{"type":"Feature","geometry":{"type":"Polygon","coordinates":[[[34.94,50.155],[34.935,50.135],[34.935,50.095],[34.955,50.095],[34.965,50.075],[34.94,50.06],[34.935,50.055],[34.9,50.03],[34.88,50.005],[34.855,49.985],[34.865,49.96],[34.895,49.93],[34.91,49.935],[34.945,49.9],[34.97,49.885],[34.98,49.89],[35.015,49.875],[35.035,49.885],[35.055,49.88],[35.05,49.87],[35.075,49.86],[35.105,49.86],[35.12,49.85],[35.14,49.86],[35.17,49.85],[35.2,49.84],[35.22,49.83],[35.215,49.815],[35.205,49.8],[35.21,49.79],[35.21,49.745],[35.225,49.735],[35.26,49.735],[35.265,49.715],[35.245,49.695],[35.265,49.685],[35.3,49.685],[35.33,49.68],[35.345,49.665],[35.42,49.67],[35.425,49.655],[35.45,49.63],[35.465,49.605],[35.485,49.57],[35.475,49.565],[35.41,49.56],[35.435,49.54],[35.43,49.525],[35.485,49.515],[35.49,49.51],[35.48,49.485],[35.46,49.485],[35.33,49.505],[35.33,49.495],[35.315,49.455],[35.365,49.445],[35.35,49.405],[35.375,49.4],[35.36,49.38],[35.34,49.39],[35.32,49.375],[35.34,49.365],[35.28,49.32],[35.29,49.295],[35.265,49.29],[35.24,49.295],[35.17,49.295],[35.125,49.305],[35.09,49.3],[35.075,49.32],[35.035,49.33],[35.005,49.3],[34.98,49.25],[35.02,49.15],[35.045,49.155],[35.06,49.175],[35.085,49.15],[35.12,49.16],[35.145,49.15],[35.16,49.16],[35.19,49.165],[35.21,49.155],[35.19,49.145],[35.21,49.125],[35.195,49.11],[35.22,49.105],[35.255,49.115],[35.27,49.095],[35.31,49.09],[35.3,49.07],[35.335,49.06],[35.34,49.05],[35.38,49.035],[35.41,49.01],[35.43,49.015],[35.435,49.005],[35.46,49],[35.485,48.975],[35.51,48.98],[35.565,48.975],[35.595,48.985],[35.63,48.985],[35.63,48.97],[35.65,48.975],[35.695,48.965],[35.69,48.95],[35.71,48.945],[35.725,48.965],[35.74,48.96],[35.74,48.95],[35.76,48.955],[35.8,48.945],[35.79,48.935],[35.815,48.93],[35.83,48.95],[35.855,48.945],[35.855,48.96],[35.88,48.965],[35.885,48.975],[35.915,48.97],[35.935,48.98],[35.94,49],[35.99,48.97],[35.975,48.96],[36.005,48.945],[35.995,48.94],[36.045,48.915],[36.01,48.89],[36.04,48.875],[36.02,48.855],[36.04,48.845],[36.055,48.845],[36.075,48.835],[36.065,48.81],[36.075,48.81],[36.13,48.805],[36.16,48.785],[36.16,48.77],[36.14,48.765],[36.16,48.75],[36.145,48.725],[36.26,48.665],[36.28,48.655],[36.265,48.65],[36.27,48.635],[36.25,48.62],[36.32,48.585],[36.27,48.545],[36.295,48.53],[36.325,48.555],[36.355,48.54],[36.39,48.565],[36.38,48.57],[36.42,48.61],[36.485,48.665],[36.56,48.625],[36.58,48.615],[36.59,48.605],[36.655,48.61],[36.67,48.625],[36.705,48.62],[36.74,48.625],[36.72,48.695],[36.735,48.705],[36.725,48.715],[36.71,48.745],[36.71,48.765],[36.69,48.775],[36.72,48.805],[36.76,48.795],[36.79,48.8],[36.79,48.78],[36.84,48.775],[36.855,48.8],[36.92,48.8],[36.975,48.79],[36.99,48.775],[37.02,48.76],[37.035,48.745],[37.045,48.765],[36.995,48.785],[37.025,48.82],[37.065,48.815],[37.08,48.82],[37.1,48.85],[37.145,48.84],[37.155,48.825],[37.19,48.815],[37.195,48.85],[37.195,48.88],[37.21,48.885],[37.225,48.91],[37.265,48.905],[37.27,48.925],[37.33,48.92],[37.335,48.935],[37.31,48.945],[37.31,48.955],[37.295,48.975],[37.335,48.995],[37.37,49.005],[37.385,49.05],[37.41,49.055],[37.42,49.065],[37.45,49.055],[37.48,49.055],[37.505,49.07],[37.505,49.08],[37.485,49.1],[37.545,49.11],[37.585,49.125],[37.54,49.145],[37.565,49.15],[37.555,49.165],[37.5,49.18],[37.515,49.2],[37.55,49.215],[37.57,49.23],[37.615,49.235],[37.71,49.22],[37.8,49.2],[37.8,49.21],[37.845,49.2],[37.85,49.22],[37.875,49.235],[37.88,49.25],[37.91,49.26],[37.91,49.275],[37.96,49.285],[37.945,49.305],[37.885,49.315],[37.875,49.33],[37.885,49.35],[37.895,49.405],[37.875,49.42],[37.875,49.445],[37.845,49.445],[37.85,49.485],[37.84,49.495],[37.845,49.52],[37.885,49.52],[37.92,49.535],[37.93,49.55],[37.885,49.55],[37.9,49.575],[37.925,49.57],[37.955,49.575],[37.935,49.59],[37.945,49.61],[37.975,49.615],[37.98,49.625],[37.995,49.63],[37.985,49.645],[37.995,49.65],[38.045,49.655],[38.015,49.68],[38.015,49.715],[37.99,49.715],[37.975,49.71],[37.95,49.73],[37.97,49.76],[38,49.755],[38.035,49.78],[38.055,49.785],[38.01,49.815],[38.02,49.835],[38.045,49.84],[38.08,49.84],[38.095,49.845],[38.065,49.865],[38.035,49.9],[38.02,49.91],[38.02,49.925],[38.045,49.935],[38.01,49.965],[37.98,49.975],[37.965,49.98],[37.925,50.035],[37.89,50.05],[37.865,50.055],[37.825,50.07],[37.795,50.085],[37.755,50.08],[37.7,50.135],[37.67,50.155],[37.64,50.18],[37.645,50.19],[37.615,50.215],[37.625,50.24],[37.625,50.295],[37.635,50.31],[37.61,50.315],[37.585,50.315],[37.575,50.305],[37.555,50.33],[37.52,50.335],[37.505,50.35],[37.485,50.355],[37.465,50.38],[37.465,50.43],[37.485,50.435],[37.49,50.455],[37.43,50.445],[37.42,50.435],[37.395,50.43],[37.35,50.435],[37.335,50.435],[37.31,50.425],[37.29,50.4],[37.255,50.395],[37.18,50.365],[37.15,50.355],[37.14,50.36],[37.105,50.35],[37.045,50.345],[37.04,50.35],[36.94,50.35],[36.885,50.34],[36.875,50.34],[36.835,50.315],[36.77,50.3],[36.765,50.29],[36.695,50.27],[36.68,50.24],[36.665,50.22],[36.65,50.22],[36.585,50.235],[36.56,50.25],[36.58,50.26],[36.575,50.275],[36.555,50.28],[36.525,50.285],[36.475,50.315],[36.44,50.31],[36.425,50.33],[36.405,50.31],[36.375,50.3],[36.365,50.29],[36.295,50.29],[36.285,50.3],[36.275,50.325],[36.285,50.335],[36.255,50.355],[36.235,50.365],[36.23,50.37],[36.2,50.4],[36.17,50.41],[36.16,50.43],[36.12,50.44],[36.07,50.45],[35.975,50.44],[35.97,50.435],[35.93,50.43],[35.92,50.435],[35.89,50.44],[35.87,50.42],[35.83,50.435],[35.795,50.415],[35.805,50.405],[35.795,50.39],[35.74,50.355],[35.675,50.355],[35.66,50.35],[35.68,50.345],[35.675,50.325],[35.655,50.31],[35.635,50.315],[35.595,50.33],[35.575,50.32],[35.515,50.315],[35.535,50.3],[35.525,50.29],[35.495,50.295],[35.44,50.315],[35.425,50.335],[35.41,50.32],[35.38,50.32],[35.38,50.295],[35.33,50.32],[35.295,50.29],[35.325,50.28],[35.3,50.265],[35.265,50.265],[35.26,50.235],[35.235,50.23],[35.2,50.235],[35.195,50.23],[35.15,50.24],[35.105,50.215],[35.075,50.2],[35.04,50.165],[35.03,50.18],[35.01,50.185],[34.975,50.18],[34.975,50.165],[34.965,50.155],[34.94,50.155]]]},"properties":{"shapeName":"Kharkiv Oblast","shapeISO":"UA-63","shapeID":"14850775B15913324833724","shapeType":"ADM1"}},
{"type":"Feature","geometry":{"type":"Polygon","coordinates":[[[37.875,49.235],[37.875,49.225],[37.89,49.21],[37.935,49.22],[37.925,49.205],[37.935,49.19],[37.915,49.185],[37.895,49.175],[37.895,49.16],[37.925,49.145],[37.98,49.13],[38.04,49.125],[38.045,49.15],[38.08,49.15],[38.085,49.135],[38.07,49.095],[38.06,49.065],[38.055,49.06],[38.075,49.04],[38.1,49],[38.05,48.985],[38.055,48.965],[38.03,48.975],[38.005,48.945],[38.065,48.935],[38.095,48.94],[38.135,48.925],[38.14,48.93],[38.195,48.93],[38.23,48.935],[38.23,48.86],[38.22,48.84],[38.26,48.84],[38.275,48.825],[38.315,48.83],[38.32,48.805],[38.28,48.805],[38.285,48.775],[38.275,48.775],[38.265,48.75],[38.285,48.735],[38.315,48.735],[38.325,48.715],[38.305,48.69],[38.285,48.68],[38.29,48.665],[38.265,48.665],[38.225,48.65],[38.23,48.635],[38.265,48.635],[38.28,48.545],[38.32,48.51],[38.3,48.49],[38.305,48.475],[38.32,48.465],[38.31,48.455],[38.345,48.44],[38.375,48.44],[38.4,48.44],[38.435,48.45],[38.44,48.42],[38.435,48.395],[38.455,48.38],[38.47,48.38],[38.475,48.355],[38.455,48.345],[38.435,48.34],[38.435,48.315],[38.425,48.29],[38.425,48.28],[38.565,48.27],[38.59,48.25],[38.59,48.225],[38.61,48.205],[38.6,48.17],[38.64,48.16],[38.695,48.16],[38.69,48.15],[38.715,48.145],[38.735,48.135],[38.77,48.13],[38.8,48.12],[38.82,48.115],[38.805,48.09],[38.805,48.07],[38.82,48.055],[38.825,48.03],[38.86,48.015],[39.04,48.005],[39.045,47.99],[39.04,47.965],[39.05,47.95],[39.07,47.955],[39.09,47.94],[39.065,47.895],[39.075,47.87],[39.085,47.85],[39.11,47.85],[39.11,47.845],[39.15,47.84],[39.18,47.855],[39.235,47.855],[39.24,47.865],[39.35,47.865],[39.355,47.875],[39.385,47.87],[39.41,47.83],[39.44,47.84],[39.45,47.85],[39.48,47.86],[39.52,47.825],[39.545,47.825],[39.565,47.835],[39.62,47.835],[39.65,47.835],[39.74,47.83],[39.755,47.845],[39.765,47.87],[39.795,47.87],[39.795,47.92],[39.805,47.935],[39.805,47.95],[39.82,47.95],[39.815,47.97],[39.825,47.985],[39.81,48.005],[39.79,48.01],[39.775,48.04],[39.885,48.04],[39.885,48.05],[39.85,48.06],[39.835,48.065],[39.87,48.08],[39.875,48.12],[39.895,48.135],[39.905,48.15],[39.91,48.18],[39.935,48.18],[39.94,48.23],[40.005,48.225],[40.005,48.24],[40.02,48.255],[39.995,48.3],[39.99,48.315],[39.935,48.29],[39.925,48.27],[39.91,48.295],[39.89,48.31],[39.84,48.31],[39.845,48.335],[39.88,48.335],[39.92,48.34],[39.945,48.355],[39.935,48.375],[39.92,48.38],[39.92,48.4],[39.905,48.405],[39.91,48.42],[39.895,48.43],[39.89,48.45],[39.855,48.465],[39.845,48.475],[39.85,48.505],[39.865,48.51],[39.855,48.535],[39.855,48.56],[39.84,48.575],[39.785,48.595],[39.755,48.58],[39.735,48.585],[39.69,48.585],[39.67,48.595],[39.66,48.61],[39.67,48.62],[39.695,48.64],[39.69,48.645],[39.705,48.655],[39.72,48.685],[39.705,48.71],[39.72,48.73],[39.725,48.75],[39.745,48.77],[39.765,48.77],[39.78,48.785],[39.785,48.8],[39.78,48.81],[39.79,48.825],[39.79,48.835],[39.805,48.84],[39.88,48.82],[39.95,48.795],[39.975,48.795],[40.08,48.87],[40.07,48.875],[40.06,48.905],[40.045,48.915],[40.03,48.915],[40.005,48.9],[39.995,48.87],[39.945,48.875],[39.925,48.895],[39.85,48.89],[39.845,48.905],[39.825,48.9],[39.805,48.915],[39.775,48.92],[39.78,48.935],[39.75,48.98],[39.73,48.975],[39.705,49],[39.68,48.99],[39.665,49],[39.685,49.035],[39.67,49.04],[39.695,49.05],[39.765,49.04],[39.805,49.06],[39.815,49.06],[39.88,49.065],[39.91,49.055],[39.94,49.055],[39.94,49.085],[39.97,49.125],[40.03,49.18],[40.075,49.185],[40.11,49.21],[40.125,49.23],[40.135,49.24],[40.175,49.235],[40.21,49.24],[40.23,49.26],[40.185,49.28],[40.185,49.3],[40.195,49.345],[40.165,49.36],[40.16,49.37],[40.115,49.385],[40.08,49.41],[40.06,49.435],[40.03,49.455],[40.04,49.5],[40.04,49.52],[40.17,49.57],[40.14,49.595],[40.135,49.615],[40.065,49.6],[40.06,49.605],[39.95,49.595],[39.935,49.575],[39.89,49.56],[39.84,49.565],[39.805,49.56],[39.75,49.595],[39.685,49.61],[39.66,49.615],[39.64,49.635],[39.615,49.69],[39.59,49.72],[39.61,49.735],[39.535,49.74],[39.48,49.755],[39.435,49.76],[39.38,49.74],[39.31,49.755],[39.285,49.755],[39.275,49.77],[39.25,49.775],[39.23,49.805],[39.225,49.84],[39.19,49.885],[39.18,49.89],[39.13,49.86],[39.11,49.84],[39.065,49.815],[39.03,49.825],[38.95,49.795],[38.93,49.795],[38.91,49.82],[38.915,49.855],[38.9,49.87],[38.85,49.865],[38.825,49.88],[38.78,49.88],[38.77,49.895],[38.745,49.895],[38.735,49.905],[38.725,49.925],[38.695,49.935],[38.685,49.96],[38.72,49.985],[38.685,50.01],[38.68,50],[38.68,49.975],[38.665,49.97],[38.65,49.955],[38.61,49.975],[38.585,49.975],[38.525,49.96],[38.49,49.965],[38.47,49.995],[38.435,50],[38.415,49.98],[38.395,49.99],[38.35,50.005],[38.35,50.035],[38.335,50.06],[38.33,50.085],[38.3,50.085],[38.275,50.075],[38.255,50.075],[38.18,50.08],[38.185,50.04],[38.185,50.025],[38.22,49.98],[38.195,49.97],[38.2,49.96],[38.16,49.95],[38.17,49.94],[38.13,49.925],[38.125,49.94],[38.055,49.925],[38.035,49.9],[38.065,49.865],[38.095,49.845],[38.08,49.84],[38.045,49.84],[38.02,49.835],[38.01,49.815],[38.055,49.785],[38.035,49.78],[38,49.755],[37.97,49.76],[37.95,49.73],[37.975,49.71],[37.99,49.715],[38.015,49.715],[38.015,49.68],[38.045,49.655],[37.995,49.65],[37.985,49.645],[37.995,49.63],[37.98,49.625],[37.975,49.615],[37.945,49.61],[37.935,49.59],[37.955,49.575],[37.925,49.57],[37.9,49.575],[37.885,49.55],[37.93,49.55],[37.92,49.535],[37.885,49.52],[37.845,49.52],[37.84,49.495],[37.85,49.485],[37.845,49.445],[37.875,49.445],[37.875,49.42],[37.895,49.405],[37.885,49.35],[37.875,49.33],[37.885,49.315],[37.945,49.305],[37.96,49.285],[37.91,49.275],[37.91,49.26],[37.88,49.25],[37.875,49.235]]]},"properties":{"shapeName":"Luhansk Oblast","shapeISO":"UA-09","shapeID":"14850775B31033086218351","shapeType":"ADM1"}},
{"type":"Feature","geometry":{"type":"Polygon","coordinates":[[[36.74,48.625],[36.745,48.595],[36.78,48.6],[36.79,48.565],[36.825,48.57],[36.86,48.57],[36.87,48.55],[36.885,48.54],[36.9,48.545],[36.905,48.52],[36.85,48.52],[36.855,48.485],[36.83,48.485],[36.835,48.445],[36.835,48.42],[36.82,48.405],[36.83,48.37],[36.815,48.365],[36.81,48.35],[36.815,48.315],[36.87,48.315],[36.875,48.305],[36.91,48.31],[36.935,48.195],[36.915,48.195],[36.875,48.185],[36.895,48.08],[36.88,48.065],[36.86,48.05],[36.855,48.035],[36.835,48.035],[36.795,48.05],[36.76,48.055],[36.745,48.05],[36.74,48.07],[36.71,48.08],[36.655,48.095],[36.645,48.085],[36.61,48.09],[36.585,48.075],[36.585,48.05],[36.575,48.04],[36.59,48.02],[36.575,48],[36.585,47.955],[36.63,47.96],[36.64,47.92],[36.62,47.915],[36.59,47.92],[36.59,47.91],[36.54,47.905],[36.55,47.875],[36.575,47.88],[36.585,47.845],[36.605,47.85],[36.61,47.84],[36.6,47.82],[36.59,47.815],[36.585,47.785],[36.595,47.785],[36.67,47.795],[36.685,47.73],[36.7,47.73],[36.715,47.68],[36.79,47.685],[36.78,47.67],[36.755,47.66],[36.72,47.66],[36.725,47.63],[36.765,47.635],[36.765,47.625],[36.745,47.62],[36.75,47.605],[36.765,47.6],[36.83,47.625],[36.895,47.545],[36.945,47.575],[36.965,47.555],[36.98,47.56],[37,47.54],[37.02,47.555],[37.075,47.495],[37.085,47.495],[37.16,47.455],[37.18,47.485],[37.19,47.47],[37.245,47.47],[37.245,47.455],[37.23,47.43],[37.195,47.375],[37.205,47.355],[37.16,47.34],[37.145,47.38],[37.105,47.375],[37.12,47.34],[37.09,47.33],[37.085,47.315],[37.035,47.3],[37.025,47.315],[36.945,47.31],[36.925,47.32],[36.935,47.295],[36.945,47.24],[36.955,47.23],[36.965,47.2],[36.93,47.205],[36.895,47.205],[36.89,47.2],[36.86,47.2],[36.865,47.185],[36.89,47.17],[36.91,47.165],[36.925,47.17],[36.945,47.16],[36.975,47.14],[36.985,47.125],[37,47.115],[37.01,47.085],[36.985,47.08],[37.08,47.045],[37.1,47.06],[37.125,47.04],[37.09,47.005],[37.14,46.98],[37.105,46.96],[37.09,46.97],[37.02,46.93],[37.06,46.885],[37.17,46.71],[37.23,46.695],[37.295,46.69],[37.33,46.69],[37.38,46.695],[37.44,46.715],[37.62,46.83],[37.87,46.845],[38.14,46.86],[38.34,46.98],[38.23,47.12],[38.235,47.14],[38.235,47.2],[38.245,47.22],[38.235,47.23],[38.26,47.24],[38.29,47.24],[38.29,47.255],[38.325,47.255],[38.335,47.27],[38.325,47.28],[38.335,47.305],[38.22,47.305],[38.22,47.335],[38.245,47.35],[38.245,47.365],[38.255,47.375],[38.285,47.375],[38.285,47.39],[38.3,47.395],[38.3,47.475],[38.29,47.475],[38.295,47.51],[38.285,47.51],[38.285,47.545],[38.305,47.545],[38.31,47.555],[38.31,47.575],[38.35,47.575],[38.35,47.615],[38.455,47.615],[38.455,47.645],[38.615,47.645],[38.63,47.655],[38.63,47.67],[38.665,47.67],[38.67,47.7],[38.725,47.7],[38.745,47.68],[38.775,47.685],[38.775,47.735],[38.79,47.74],[38.79,47.815],[38.83,47.815],[38.825,47.835],[38.845,47.865],[38.88,47.865],[38.88,47.875],[38.91,47.875],[38.94,47.875],[38.955,47.87],[39.075,47.87],[39.065,47.895],[39.09,47.94],[39.07,47.955],[39.05,47.95],[39.04,47.965],[39.045,47.99],[39.04,48.005],[38.86,48.015],[38.825,48.03],[38.82,48.055],[38.805,48.07],[38.805,48.09],[38.82,48.115],[38.8,48.12],[38.77,48.13],[38.735,48.135],[38.715,48.145],[38.69,48.15],[38.695,48.16],[38.64,48.16],[38.6,48.17],[38.61,48.205],[38.59,48.225],[38.59,48.25],[38.565,48.27],[38.425,48.28],[38.425,48.29],[38.435,48.315],[38.435,48.34],[38.455,48.345],[38.475,48.355],[38.47,48.38],[38.455,48.38],[38.435,48.395],[38.44,48.42],[38.435,48.45],[38.4,48.44],[38.375,48.44],[38.345,48.44],[38.31,48.455],[38.32,48.465],[38.305,48.475],[38.3,48.49],[38.32,48.51],[38.28,48.545],[38.265,48.635],[38.23,48.635],[38.225,48.65],[38.265,48.665],[38.29,48.665],[38.285,48.68],[38.305,48.69],[38.325,48.715],[38.315,48.735],[38.285,48.735],[38.265,48.75],[38.275,48.775],[38.285,48.775],[38.28,48.805],[38.32,48.805],[38.315,48.83],[38.275,48.825],[38.26,48.84],[38.22,48.84],[38.23,48.86],[38.23,48.935],[38.195,48.93],[38.14,48.93],[38.135,48.925],[38.095,48.94],[38.065,48.935],[38.005,48.945],[38.03,48.975],[38.055,48.965],[38.05,48.985],[38.1,49],[38.075,49.04],[38.055,49.06],[38.06,49.065],[38.07,49.095],[38.085,49.135],[38.08,49.15],[38.045,49.15],[38.04,49.125],[37.98,49.13],[37.925,49.145],[37.895,49.16],[37.895,49.175],[37.915,49.185],[37.935,49.19],[37.925,49.205],[37.935,49.22],[37.89,49.21],[37.875,49.225],[37.875,49.235],[37.85,49.22],[37.845,49.2],[37.8,49.21],[37.8,49.2],[37.71,49.22],[37.615,49.235],[37.57,49.23],[37.55,49.215],[37.515,49.2],[37.5,49.18],[37.555,49.165],[37.565,49.15],[37.54,49.145],[37.585,49.125],[37.545,49.11],[37.485,49.1],[37.505,49.08],[37.505,49.07],[37.48,49.055],[37.45,49.055],[37.42,49.065],[37.41,49.055],[37.385,49.05],[37.37,49.005],[37.335,48.995],[37.295,48.975],[37.31,48.955],[37.31,48.945],[37.335,48.935],[37.33,48.92],[37.27,48.925],[37.265,48.905],[37.225,48.91],[37.21,48.885],[37.195,48.88],[37.195,48.85],[37.19,48.815],[37.155,48.825],[37.145,48.84],[37.1,48.85],[37.08,48.82],[37.065,48.815],[37.025,48.82],[36.995,48.785],[37.045,48.765],[37.035,48.745],[37.02,48.76],[36.99,48.775],[36.975,48.79],[36.92,48.8],[36.855,48.8],[36.84,48.775],[36.79,48.78],[36.79,48.8],[36.76,48.795],[36.72,48.805],[36.69,48.775],[36.71,48.765],[36.71,48.745],[36.725,48.715],[36.735,48.705],[36.72,48.695],[36.74,48.625]]]},"properties":{"shapeName":"Donetsk Oblast","shapeISO":"UA-14","shapeID":"14850775B15615817748403","shapeType":"ADM1"}},
{"type":"Feature","geometry":{"type":"Polygon","coordinates":[[[35.47,46.145],[35.505,46.175],[35.53,46.215],[35.565,46.24],[35.58,46.265],[35.635,46.28],[35.685,46.315],[35.72,46.35],[35.765,46.365],[35.795,46.375],[35.845,46.41],[35.88,46.37],[35.905,46.355],[35.935,46.335],[35.97,46.32],[36.005,46.31],[36.04,46.305],[36.08,46.3],[36.12,46.3],[36.155,46.305],[36.195,46.31],[36.23,46.32],[36.26,46.335],[36.29,46.355],[36.32,46.37],[36.34,46.395],[36.36,46.42],[36.41,46.44],[36.435,46.455],[36.475,46.495],[36.5,46.53],[36.545,46.535],[36.585,46.505],[36.645,46.48],[36.71,46.465],[36.78,46.46],[36.81,46.465],[36.86,46.475],[36.895,46.485],[36.945,46.515],[36.99,46.55],[37.015,46.595],[37.025,46.64],[37.065,46.66],[37.1,46.69],[37.135,46.7],[37.17,46.71],[37.06,46.885],[37.02,46.93],[37.09,46.97],[37.105,46.96],[37.14,46.98],[37.09,47.005],[37.125,47.04],[37.1,47.06],[37.08,47.045],[36.985,47.08],[37.01,47.085],[37,47.115],[36.985,47.125],[36.975,47.14],[36.945,47.16],[36.925,47.17],[36.91,47.165],[36.89,47.17],[36.865,47.185],[36.86,47.2],[36.89,47.2],[36.895,47.205],[36.93,47.205],[36.965,47.2],[36.955,47.23],[36.945,47.24],[36.935,47.295],[36.925,47.32],[36.945,47.31],[37.025,47.315],[37.035,47.3],[37.085,47.315],[37.09,47.33],[37.12,47.34],[37.105,47.375],[37.145,47.38],[37.16,47.34],[37.205,47.355],[37.195,47.375],[37.23,47.43],[37.245,47.455],[37.245,47.47],[37.19,47.47],[37.18,47.485],[37.16,47.455],[37.085,47.495],[37.075,47.495],[37.02,47.555],[37,47.54],[36.98,47.56],[36.965,47.555],[36.945,47.575],[36.895,47.545],[36.83,47.625],[36.765,47.6],[36.75,47.605],[36.745,47.62],[36.765,47.625],[36.765,47.635],[36.725,47.63],[36.72,47.66],[36.755,47.66],[36.78,47.67],[36.79,47.685],[36.715,47.68],[36.7,47.73],[36.685,47.73],[36.67,47.795],[36.595,47.785],[36.585,47.785],[36.59,47.815],[36.6,47.82],[36.61,47.84],[36.605,47.85],[36.585,47.845],[36.52,47.835],[36.525,47.83],[36.45,47.825],[36.42,47.83],[36.375,47.83],[36.375,47.84],[36.325,47.84],[36.33,47.82],[36.275,47.815],[36.265,47.835],[36.2,47.835],[36.18,47.85],[36.1,47.845],[36.095,47.85],[36.075,47.85],[36.07,47.865],[36.055,47.88],[36.08,47.885],[36.085,47.86],[36.115,47.87],[36.13,47.89],[36.13,47.9],[36.11,47.925],[36.11,47.94],[36.085,47.93],[36.06,48],[36.04,48.005],[36.035,48.02],[36.065,48.025],[36.05,48.06],[35.975,48.045],[35.99,48.06],[35.97,48.075],[35.985,48.085],[35.965,48.095],[35.92,48.08],[35.815,48.065],[35.805,48.1],[35.785,48.095],[35.745,48.095],[35.705,48.14],[35.68,48.13],[35.555,48.085],[35.525,48.075],[35.52,48.095],[35.485,48.095],[35.45,48.105],[35.42,48.1],[35.415,48.11],[35.38,48.12],[35.34,48.125],[35.305,48.14],[35.28,48.145],[35.24,48.135],[35.22,48.145],[35.195,48.14],[35.18,48.13],[35.155,48.13],[35.105,48.13],[35.085,48.125],[35.055,48.12],[35.035,48.1],[34.99,48.09],[34.985,48.095],[34.93,48.09],[34.915,48.09],[34.91,48.115],[34.915,48.13],[34.88,48.125],[34.855,48.135],[34.875,48.055],[34.84,48.05],[34.845,48.015],[34.86,48.015],[34.87,47.98],[34.905,47.985],[34.92,47.935],[34.88,47.93],[34.875,47.94],[34.85,47.94],[34.85,47.92],[34.8,47.915],[34.815,47.865],[34.865,47.88],[34.87,47.85],[34.895,47.855],[34.905,47.83],[34.88,47.82],[34.895,47.76],[34.96,47.77],[34.965,47.74],[34.955,47.74],[34.955,47.71],[34.93,47.71],[34.94,47.675],[34.905,47.675],[34.915,47.635],[34.935,47.635],[34.94,47.6],[34.935,47.58],[34.96,47.565],[34.965,47.55],[34.945,47.53],[34.9,47.52],[34.86,47.515],[34.795,47.535],[34.735,47.54],[34.67,47.555],[34.63,47.56],[34.57,47.56],[34.53,47.555],[34.47,47.53],[34.425,47.53],[34.345,47.52],[34.3,47.52],[34.235,47.495],[34.205,47.49],[34.14,47.475],[34.215,47.455],[34.245,47.435],[34.255,47.41],[34.255,47.39],[34.26,47.36],[34.27,47.36],[34.285,47.325],[34.285,47.32],[34.295,47.275],[34.305,47.27],[34.33,47.29],[34.36,47.295],[34.37,47.285],[34.4,47.285],[34.4,47.3],[34.42,47.3],[34.415,47.325],[34.49,47.33],[34.505,47.34],[34.515,47.32],[34.48,47.315],[34.49,47.28],[34.52,47.285],[34.53,47.25],[34.49,47.245],[34.52,47.105],[34.555,47.1],[34.565,47.025],[34.59,47.025],[34.6,46.99],[34.615,46.995],[34.625,46.975],[34.68,46.98],[34.685,46.955],[34.735,46.96],[34.755,46.88],[34.805,46.885],[34.815,46.835],[34.81,46.83],[34.76,46.825],[34.77,46.78],[34.75,46.78],[34.75,46.76],[34.735,46.745],[34.66,46.74],[34.66,46.725],[34.625,46.725],[34.63,46.69],[34.68,46.69],[34.685,46.675],[34.745,46.685],[34.755,46.625],[34.715,46.62],[34.725,46.58],[34.75,46.585],[34.76,46.55],[34.89,46.565],[34.895,46.54],[34.885,46.535],[34.89,46.505],[34.945,46.51],[34.955,46.505],[35.02,46.48],[35.055,46.48],[35.07,46.38],[35.06,46.375],[35.075,46.3],[35.13,46.3],[35.225,46.28],[35.28,46.265],[35.375,46.195],[35.47,46.145]]]},"properties":{"shapeName":"Zaporizhia Oblast","shapeISO":"UA-23","shapeID":"14850775B92888097715572","shapeType":"ADM1"}},
{"type":"Feature","geometry":{"type":"Polygon","coordinates":[[[24.1,50.635],[24.09,50.625],[24.1,50.6],[24.09,50.58],[24.09,50.56],[24.07,50.505],[24.035,50.445],[24.005,50.435],[24,50.41],[23.94,50.415],[23.885,50.41],[23.805,50.405],[23.78,50.4],[23.725,50.39],[23.705,50.375],[23.69,50.355],[23.685,50.33],[23.64,50.32],[23.63,50.305],[23.61,50.3],[23.58,50.265],[23.505,50.23],[23.47,50.22],[23.43,50.185],[23.38,50.16],[23.315,50.11],[23.28,50.1],[23.28,50.085],[23.265,50.08],[23.24,50.055],[23.215,50.045],[23.215,50.03],[23.145,49.97],[23.115,49.955],[23.105,49.94],[23.035,49.88],[22.995,49.84],[22.97,49.84],[22.955,49.805],[22.935,49.795],[22.9,49.765],[22.895,49.75],[22.875,49.74],[22.85,49.72],[22.85,49.71],[22.82,49.695],[22.805,49.695],[22.785,49.675],[22.785,49.655],[22.75,49.63],[22.685,49.57],[22.675,49.55],[22.64,49.53],[22.65,49.51],[22.67,49.5],[22.695,49.495],[22.715,49.44],[22.73,49.4],[22.745,49.36],[22.745,49.335],[22.75,49.315],[22.745,49.3],[22.74,49.245],[22.72,49.24],[22.715,49.225],[22.745,49.215],[22.73,49.205],[22.705,49.175],[22.72,49.165],[22.735,49.18],[22.75,49.185],[22.74,49.16],[22.76,49.155],[22.79,49.16],[22.795,49.14],[22.815,49.13],[22.83,49.115],[22.895,49.095],[22.885,49.08],[22.87,49.08],[22.865,49.065],[22.875,49.05],[22.88,49.025],[22.895,49.02],[22.89,49.005],[22.9,49.005],[22.92,48.98],[22.9,48.97],[22.875,48.955],[22.87,48.945],[22.895,48.905],[22.935,48.885],[22.97,48.875],[22.97,48.85],[23,48.83],[23.015,48.845],[23.045,48.85],[23.085,48.855],[23.1,48.865],[23.135,48.845],[23.175,48.805],[23.18,48.795],[23.2,48.76],[23.225,48.765],[23.24,48.76],[23.27,48.76],[23.29,48.775],[23.315,48.755],[23.34,48.755],[23.36,48.77],[23.375,48.76],[23.38,48.745],[23.395,48.735],[23.41,48.735],[23.43,48.725],[23.49,48.72],[23.51,48.735],[23.55,48.725],[23.56,48.765],[23.58,48.78],[23.57,48.805],[23.55,48.825],[23.565,48.83],[23.575,48.845],[23.565,48.855],[23.58,48.87],[23.605,48.875],[23.605,48.885],[23.575,48.885],[23.56,48.91],[23.585,48.955],[23.565,48.975],[23.595,48.995],[23.625,49.015],[23.62,49.025],[23.65,49.025],[23.675,49.035],[23.68,49.06],[23.68,49.075],[23.69,49.095],[23.71,49.1],[23.72,49.095],[23.765,49.125],[23.785,49.12],[23.795,49.11],[23.825,49.115],[23.87,49.11],[23.905,49.1],[23.93,49.12],[23.97,49.14],[24.005,49.13],[24.025,49.12],[24.035,49.125],[24.06,49.145],[24.09,49.15],[24.105,49.14],[24.135,49.145],[24.15,49.13],[24.17,49.145],[24.2,49.14],[24.21,49.15],[24.235,49.145],[24.28,49.17],[24.31,49.17],[24.355,49.185],[24.385,49.19],[24.415,49.17],[24.435,49.175],[24.44,49.195],[24.435,49.22],[24.425,49.23],[24.39,49.23],[24.36,49.235],[24.345,49.24],[24.35,49.26],[24.365,49.28],[24.34,49.29],[24.305,49.28],[24.3,49.295],[24.305,49.315],[24.34,49.31],[24.36,49.32],[24.38,49.31],[24.395,49.335],[24.4,49.36],[24.43,49.375],[24.405,49.395],[24.385,49.395],[24.39,49.41],[24.375,49.415],[24.375,49.43],[24.385,49.44],[24.41,49.445],[24.42,49.475],[24.4,49.495],[24.415,49.505],[24.44,49.51],[24.435,49.535],[24.48,49.545],[24.505,49.515],[24.535,49.52],[24.57,49.535],[24.59,49.52],[24.63,49.5],[24.655,49.505],[24.68,49.495],[24.72,49.495],[24.72,49.525],[24.73,49.545],[24.72,49.57],[24.79,49.575],[24.8,49.59],[24.815,49.585],[24.835,49.6],[24.885,49.6],[24.91,49.615],[24.93,49.61],[24.95,49.615],[24.965,49.63],[24.985,49.635],[24.995,49.67],[24.995,49.695],[25.02,49.735],[25.045,49.73],[25.07,49.715],[25.115,49.745],[25.105,49.755],[25.07,49.77],[25.085,49.78],[25.085,49.83],[25.11,49.82],[25.14,49.815],[25.145,49.83],[25.185,49.835],[25.21,49.825],[25.245,49.825],[25.245,49.835],[25.29,49.83],[25.29,49.84],[25.315,49.855],[25.375,49.87],[25.375,49.875],[25.39,49.895],[25.375,49.915],[25.4,49.935],[25.41,49.97],[25.405,49.985],[25.375,49.99],[25.345,50.005],[25.32,50.015],[25.285,50.05],[25.205,50.12],[25.195,50.13],[25.215,50.18],[25.17,50.2],[25.17,50.225],[25.19,50.25],[25.205,50.255],[25.205,50.28],[25.175,50.29],[25.155,50.29],[25.13,50.28],[25.115,50.285],[25.07,50.295],[25.055,50.3],[25.06,50.34],[25.035,50.345],[25.015,50.34],[24.95,50.385],[24.93,50.38],[24.94,50.365],[24.935,50.345],[24.89,50.345],[24.885,50.36],[24.865,50.36],[24.855,50.35],[24.79,50.345],[24.765,50.34],[24.715,50.345],[24.72,50.375],[24.655,50.41],[24.625,50.41],[24.595,50.415],[24.6,50.455],[24.595,50.48],[24.585,50.49],[24.555,50.495],[24.56,50.51],[24.545,50.535],[24.53,50.55],[24.515,50.555],[24.49,50.55],[24.465,50.54],[24.45,50.54],[24.405,50.56],[24.4,50.575],[24.4,50.59],[24.38,50.61],[24.365,50.595],[24.325,50.6],[24.32,50.575],[24.295,50.575],[24.265,50.58],[24.23,50.585],[24.19,50.62],[24.175,50.62],[24.165,50.64],[24.13,50.645],[24.1,50.635]]]},"properties":{"shapeName":"Lviv Oblast","shapeISO":"UA-46","shapeID":"14850775B26941409899318","shapeType":"ADM1"}},
{"type":"Feature","geometry":{"type":"Polygon","coordinates":[[[23.55,48.725],[23.57,48.725],[23.595,48.715],[23.6,48.705],[23.625,48.705],[23.64,48.7],[23.64,48.685],[23.675,48.665],[23.685,48.65],[23.705,48.64],[23.735,48.64],[23.745,48.645],[23.79,48.64],[23.8,48.63],[23.785,48.61],[23.79,48.595],[23.805,48.58],[23.835,48.58],[23.835,48.57],[23.86,48.555],[23.87,48.555],[23.93,48.55],[23.915,48.535],[23.925,48.515],[23.92,48.495],[23.91,48.48],[23.93,48.465],[23.96,48.46],[23.98,48.465],[23.995,48.5],[24.015,48.505],[24.03,48.5],[24.045,48.51],[24.08,48.515],[24.11,48.535],[24.135,48.525],[24.115,48.495],[24.14,48.48],[24.125,48.47],[24.125,48.455],[24.135,48.435],[24.145,48.435],[24.14,48.41],[24.15,48.4],[24.15,48.39],[24.18,48.375],[24.18,48.365],[24.21,48.365],[24.225,48.355],[24.24,48.36],[24.26,48.35],[24.29,48.38],[24.285,48.4],[24.33,48.39],[24.355,48.38],[24.35,48.36],[24.36,48.35],[24.385,48.345],[24.395,48.335],[24.415,48.33],[24.43,48.315],[24.46,48.295],[24.49,48.275],[24.485,48.245],[24.52,48.235],[24.545,48.215],[24.53,48.21],[24.525,48.195],[24.51,48.185],[24.505,48.155],[24.525,48.145],[24.53,48.125],[24.555,48.12],[24.555,48.105],[24.595,48.09],[24.62,48.065],[24.625,48.045],[24.595,48.035],[24.575,48.015],[24.565,47.995],[24.565,47.97],[24.58,47.965],[24.6,47.95],[24.625,47.95],[24.625,47.94],[24.675,47.895],[24.67,47.87],[24.685,47.855],[24.705,47.85],[24.705,47.84],[24.735,47.845],[24.755,47.83],[24.775,47.84],[24.79,47.825],[24.83,47.82],[24.82,47.805],[24.855,47.77],[24.88,47.755],[24.885,47.725],[24.92,47.725],[24.93,47.75],[24.935,47.76],[24.945,47.795],[24.985,47.835],[24.995,47.855],[24.945,47.9],[24.96,47.905],[24.955,47.92],[24.925,47.94],[24.92,47.945],[24.91,47.995],[24.91,48.025],[24.935,48.04],[24.94,48.05],[24.97,48.07],[24.995,48.085],[24.98,48.11],[24.99,48.12],[25.03,48.11],[25.045,48.13],[25.065,48.13],[25.07,48.145],[25.065,48.16],[25.09,48.16],[25.085,48.175],[25.1,48.185],[25.135,48.18],[25.14,48.195],[25.115,48.21],[25.11,48.225],[25.15,48.25],[25.175,48.245],[25.195,48.255],[25.23,48.29],[25.245,48.315],[25.275,48.33],[25.285,48.345],[25.295,48.345],[25.31,48.365],[25.345,48.375],[25.365,48.385],[25.4,48.395],[25.435,48.395],[25.44,48.4],[25.52,48.4],[25.55,48.38],[25.605,48.38],[25.62,48.38],[25.62,48.41],[25.605,48.41],[25.61,48.43],[25.6,48.445],[25.6,48.5],[25.61,48.535],[25.6,48.54],[25.605,48.57],[25.585,48.59],[25.59,48.625],[25.585,48.635],[25.605,48.655],[25.62,48.66],[25.63,48.675],[25.63,48.685],[25.655,48.7],[25.65,48.71],[25.62,48.715],[25.615,48.73],[25.635,48.74],[25.635,48.75],[25.595,48.77],[25.56,48.795],[25.545,48.805],[25.51,48.805],[25.45,48.84],[25.47,48.855],[25.44,48.87],[25.43,48.865],[25.44,48.85],[25.425,48.845],[25.365,48.86],[25.345,48.86],[25.32,48.845],[25.29,48.85],[25.285,48.865],[25.26,48.865],[25.235,48.865],[25.225,48.845],[25.21,48.85],[25.23,48.88],[25.23,48.91],[25.235,48.93],[25.225,48.93],[25.17,48.9],[25.17,48.87],[25.165,48.865],[25.135,48.87],[25.135,48.89],[25.12,48.92],[25.12,48.93],[25.145,48.945],[25.12,48.96],[25.105,48.98],[25.12,48.995],[25.09,48.995],[25.085,48.985],[25.055,48.99],[25.015,49.01],[24.97,48.995],[24.97,49.01],[24.96,49.02],[24.905,49.055],[24.905,49.075],[24.915,49.085],[24.94,49.08],[24.965,49.07],[24.99,49.07],[24.99,49.085],[24.975,49.095],[24.985,49.115],[24.955,49.125],[24.9,49.13],[24.865,49.16],[24.855,49.18],[24.885,49.195],[24.9,49.215],[24.935,49.23],[24.87,49.26],[24.845,49.265],[24.84,49.285],[24.83,49.285],[24.83,49.32],[24.835,49.34],[24.86,49.345],[24.835,49.365],[24.83,49.385],[24.81,49.39],[24.8,49.38],[24.78,49.385],[24.775,49.395],[24.77,49.43],[24.75,49.45],[24.745,49.465],[24.73,49.48],[24.72,49.495],[24.68,49.495],[24.655,49.505],[24.63,49.5],[24.59,49.52],[24.57,49.535],[24.535,49.52],[24.505,49.515],[24.48,49.545],[24.435,49.535],[24.44,49.51],[24.415,49.505],[24.4,49.495],[24.42,49.475],[24.41,49.445],[24.385,49.44],[24.375,49.43],[24.375,49.415],[24.39,49.41],[24.385,49.395],[24.405,49.395],[24.43,49.375],[24.4,49.36],[24.395,49.335],[24.38,49.31],[24.36,49.32],[24.34,49.31],[24.305,49.315],[24.3,49.295],[24.305,49.28],[24.34,49.29],[24.365,49.28],[24.35,49.26],[24.345,49.24],[24.36,49.235],[24.39,49.23],[24.425,49.23],[24.435,49.22],[24.44,49.195],[24.435,49.175],[24.415,49.17],[24.385,49.19],[24.355,49.185],[24.31,49.17],[24.28,49.17],[24.235,49.145],[24.21,49.15],[24.2,49.14],[24.17,49.145],[24.15,49.13],[24.135,49.145],[24.105,49.14],[24.09,49.15],[24.06,49.145],[24.035,49.125],[24.025,49.12],[24.005,49.13],[23.97,49.14],[23.93,49.12],[23.905,49.1],[23.87,49.11],[23.825,49.115],[23.795,49.11],[23.785,49.12],[23.765,49.125],[23.72,49.095],[23.71,49.1],[23.69,49.095],[23.68,49.075],[23.68,49.06],[23.675,49.035],[23.65,49.025],[23.62,49.025],[23.625,49.015],[23.595,48.995],[23.565,48.975],[23.585,48.955],[23.56,48.91],[23.575,48.885],[23.605,48.885],[23.605,48.875],[23.58,48.87],[23.565,48.855],[23.575,48.845],[23.565,48.83],[23.55,48.825],[23.57,48.805],[23.58,48.78],[23.56,48.765],[23.55,48.725]]]},"properties":{"shapeName":"Ivano-Frankivsk Oblast","shapeISO":"UA-26","shapeID":"14850775B19104561075165","shapeType":"ADM1"}},
{"type":"Feature","geometry":{"type":"Polygon","coordinates":[[[22.89,49.005],[22.845,49.005],[22.835,49.025],[22.815,49.025],[22.81,49.035],[22.765,49.055],[22.755,49.045],[22.735,49.05],[22.7,49.05],[22.685,49.04],[22.66,49.045],[22.64,49.06],[22.625,49.08],[22.605,49.085],[22.585,49.095],[22.555,49.08],[22.55,49.03],[22.54,49.02],[22.545,49.005],[22.52,48.995],[22.505,49],[22.475,48.99],[22.465,48.975],[22.43,48.93],[22.42,48.885],[22.395,48.875],[22.38,48.86],[22.375,48.835],[22.385,48.825],[22.385,48.8],[22.375,48.78],[22.35,48.77],[22.345,48.75],[22.36,48.74],[22.36,48.73],[22.345,48.705],[22.34,48.685],[22.305,48.675],[22.28,48.66],[22.255,48.65],[22.24,48.63],[22.19,48.61],[22.17,48.59],[22.16,48.565],[22.16,48.525],[22.14,48.435],[22.14,48.415],[22.16,48.41],[22.215,48.425],[22.24,48.41],[22.265,48.405],[22.245,48.39],[22.27,48.36],[22.32,48.355],[22.315,48.33],[22.32,48.315],[22.335,48.31],[22.34,48.28],[22.36,48.265],[22.37,48.245],[22.385,48.235],[22.4,48.25],[22.42,48.25],[22.455,48.24],[22.49,48.255],[22.495,48.24],[22.515,48.24],[22.515,48.225],[22.53,48.21],[22.56,48.2],[22.57,48.195],[22.565,48.18],[22.575,48.16],[22.6,48.145],[22.59,48.14],[22.595,48.115],[22.605,48.105],[22.625,48.105],[22.635,48.095],[22.675,48.09],[22.72,48.115],[22.77,48.115],[22.78,48.12],[22.81,48.11],[22.83,48.11],[22.83,48.095],[22.86,48.075],[22.86,48.06],[22.88,48.055],[22.88,48.035],[22.86,48.01],[22.835,47.99],[22.88,47.965],[22.9,47.955],[22.93,47.96],[22.945,47.97],[22.935,48],[22.92,48.005],[22.925,48.02],[22.98,48.01],[23.015,47.99],[23.03,48],[23.075,48.01],[23.09,48.005],[23.11,48.035],[23.1,48.045],[23.11,48.055],[23.105,48.065],[23.12,48.075],[23.115,48.09],[23.145,48.1],[23.15,48.11],[23.175,48.12],[23.19,48.1],[23.245,48.09],[23.27,48.1],[23.27,48.085],[23.285,48.07],[23.275,48.06],[23.295,48.045],[23.335,48.04],[23.33,48.025],[23.345,48.02],[23.4,48],[23.415,47.99],[23.435,47.99],[23.455,47.975],[23.495,47.97],[23.54,48.01],[23.565,48.005],[23.6,48.005],[23.635,48.005],[23.645,47.995],[23.665,47.985],[23.72,47.995],[23.75,48],[23.79,47.985],[23.82,47.985],[23.84,47.96],[23.85,47.94],[23.865,47.93],[23.88,47.945],[23.92,47.945],[23.945,47.95],[23.95,47.965],[23.985,47.96],[24.01,47.965],[24.03,47.95],[24.05,47.955],[24.1,47.935],[24.115,47.915],[24.165,47.92],[24.195,47.915],[24.215,47.905],[24.24,47.9],[24.255,47.905],[24.3,47.91],[24.325,47.925],[24.345,47.915],[24.38,47.925],[24.39,47.955],[24.42,47.96],[24.435,47.97],[24.45,47.965],[24.47,47.965],[24.5,47.95],[24.525,47.96],[24.555,47.96],[24.565,47.97],[24.565,47.995],[24.575,48.015],[24.595,48.035],[24.625,48.045],[24.62,48.065],[24.595,48.09],[24.555,48.105],[24.555,48.12],[24.53,48.125],[24.525,48.145],[24.505,48.155],[24.51,48.185],[24.525,48.195],[24.53,48.21],[24.545,48.215],[24.52,48.235],[24.485,48.245],[24.49,48.275],[24.46,48.295],[24.43,48.315],[24.415,48.33],[24.395,48.335],[24.385,48.345],[24.36,48.35],[24.35,48.36],[24.355,48.38],[24.33,48.39],[24.285,48.4],[24.29,48.38],[24.26,48.35],[24.24,48.36],[24.225,48.355],[24.21,48.365],[24.18,48.365],[24.18,48.375],[24.15,48.39],[24.15,48.4],[24.14,48.41],[24.145,48.435],[24.135,48.435],[24.125,48.455],[24.125,48.47],[24.14,48.48],[24.115,48.495],[24.135,48.525],[24.11,48.535],[24.08,48.515],[24.045,48.51],[24.03,48.5],[24.015,48.505],[23.995,48.5],[23.98,48.465],[23.96,48.46],[23.93,48.465],[23.91,48.48],[23.92,48.495],[23.925,48.515],[23.915,48.535],[23.93,48.55],[23.87,48.555],[23.86,48.555],[23.835,48.57],[23.835,48.58],[23.805,48.58],[23.79,48.595],[23.785,48.61],[23.8,48.63],[23.79,48.64],[23.745,48.645],[23.735,48.64],[23.705,48.64],[23.685,48.65],[23.675,48.665],[23.64,48.685],[23.64,48.7],[23.625,48.705],[23.6,48.705],[23.595,48.715],[23.57,48.725],[23.55,48.725],[23.51,48.735],[23.49,48.72],[23.43,48.725],[23.41,48.735],[23.395,48.735],[23.38,48.745],[23.375,48.76],[23.36,48.77],[23.34,48.755],[23.315,48.755],[23.29,48.775],[23.27,48.76],[23.24,48.76],[23.225,48.765],[23.2,48.76],[23.18,48.795],[23.175,48.805],[23.135,48.845],[23.1,48.865],[23.085,48.855],[23.045,48.85],[23.015,48.845],[23,48.83],[22.97,48.85],[22.97,48.875],[22.935,48.885],[22.895,48.905],[22.87,48.945],[22.875,48.955],[22.9,48.97],[22.92,48.98],[22.9,49.005],[22.89,49.005]]]},"properties":{"shapeName":"Zakarpattia Oblast","shapeISO":"UA-21","shapeID":"14850775B82824220650579","shapeType":"ADM1"}},
{"type":"Feature","geometry":{"type":"Polygon","coordinates":[[[25.345,50.005],[25.375,49.99],[25.405,49.985],[25.41,49.97],[25.4,49.935],[25.375,49.915],[25.39,49.895],[25.375,49.875],[25.375,49.87],[25.315,49.855],[25.29,49.84],[25.29,49.83],[25.245,49.835],[25.245,49.825],[25.21,49.825],[25.185,49.835],[25.145,49.83],[25.14,49.815],[25.11,49.82],[25.085,49.83],[25.085,49.78],[25.07,49.77],[25.105,49.755],[25.115,49.745],[25.07,49.715],[25.045,49.73],[25.02,49.735],[24.995,49.695],[24.995,49.67],[24.985,49.635],[24.965,49.63],[24.95,49.615],[24.93,49.61],[24.91,49.615],[24.885,49.6],[24.835,49.6],[24.815,49.585],[24.8,49.59],[24.79,49.575],[24.72,49.57],[24.73,49.545],[24.72,49.525],[24.72,49.495],[24.73,49.48],[24.745,49.465],[24.75,49.45],[24.77,49.43],[24.775,49.395],[24.78,49.385],[24.8,49.38],[24.81,49.39],[24.83,49.385],[24.835,49.365],[24.86,49.345],[24.835,49.34],[24.83,49.32],[24.83,49.285],[24.84,49.285],[24.845,49.265],[24.87,49.26],[24.935,49.23],[24.9,49.215],[24.885,49.195],[24.855,49.18],[24.865,49.16],[24.9,49.13],[24.955,49.125],[24.985,49.115],[24.975,49.095],[24.99,49.085],[24.99,49.07],[24.965,49.07],[24.94,49.08],[24.915,49.085],[24.905,49.075],[24.905,49.055],[24.96,49.02],[24.97,49.01],[24.97,48.995],[25.015,49.01],[25.055,48.99],[25.085,48.985],[25.09,48.995],[25.12,48.995],[25.105,48.98],[25.12,48.96],[25.145,48.945],[25.12,48.93],[25.12,48.92],[25.135,48.89],[25.135,48.87],[25.165,48.865],[25.17,48.87],[25.17,48.9],[25.225,48.93],[25.235,48.93],[25.23,48.91],[25.23,48.88],[25.21,48.85],[25.225,48.845],[25.235,48.865],[25.26,48.865],[25.285,48.865],[25.29,48.85],[25.32,48.845],[25.345,48.86],[25.365,48.86],[25.425,48.845],[25.44,48.85],[25.43,48.865],[25.44,48.87],[25.47,48.855],[25.45,48.84],[25.51,48.805],[25.545,48.805],[25.56,48.795],[25.595,48.77],[25.635,48.75],[25.635,48.74],[25.615,48.73],[25.62,48.715],[25.65,48.71],[25.655,48.7],[25.63,48.685],[25.63,48.675],[25.65,48.665],[25.705,48.665],[25.72,48.655],[25.725,48.64],[25.74,48.635],[25.76,48.665],[25.78,48.675],[25.8,48.67],[25.855,48.615],[25.85,48.595],[25.875,48.6],[25.9,48.59],[25.935,48.59],[25.97,48.62],[25.985,48.62],[26.02,48.61],[26.03,48.625],[26.035,48.645],[26.055,48.645],[26.065,48.605],[26.045,48.585],[26.06,48.57],[26.08,48.555],[26.09,48.54],[26.105,48.54],[26.125,48.555],[26.12,48.57],[26.105,48.58],[26.095,48.6],[26.105,48.615],[26.125,48.615],[26.145,48.6],[26.14,48.57],[26.145,48.545],[26.17,48.53],[26.2,48.525],[26.27,48.54],[26.28,48.535],[26.295,48.515],[26.31,48.51],[26.325,48.515],[26.355,48.505],[26.37,48.515],[26.385,48.53],[26.41,48.535],[26.445,48.54],[26.405,48.545],[26.38,48.565],[26.345,48.565],[26.345,48.595],[26.325,48.6],[26.325,48.61],[26.315,48.625],[26.315,48.64],[26.295,48.635],[26.275,48.645],[26.28,48.67],[26.245,48.67],[26.23,48.71],[26.24,48.72],[26.245,48.735],[26.235,48.75],[26.245,48.755],[26.235,48.78],[26.215,48.78],[26.205,48.795],[26.235,48.795],[26.225,48.81],[26.25,48.825],[26.22,48.835],[26.22,48.85],[26.205,48.855],[26.215,48.88],[26.205,48.9],[26.195,48.905],[26.195,48.935],[26.205,48.95],[26.185,49],[26.21,49],[26.215,49.01],[26.2,49.025],[26.21,49.035],[26.185,49.05],[26.205,49.095],[26.195,49.125],[26.2,49.145],[26.19,49.16],[26.205,49.17],[26.185,49.2],[26.2,49.22],[26.21,49.245],[26.235,49.245],[26.26,49.265],[26.24,49.28],[26.26,49.29],[26.245,49.3],[26.25,49.31],[26.225,49.33],[26.23,49.35],[26.245,49.37],[26.225,49.375],[26.235,49.4],[26.215,49.42],[26.195,49.43],[26.2,49.44],[26.19,49.455],[26.19,49.48],[26.145,49.51],[26.16,49.52],[26.16,49.53],[26.175,49.55],[26.2,49.555],[26.22,49.55],[26.205,49.575],[26.215,49.59],[26.2,49.605],[26.225,49.625],[26.23,49.635],[26.255,49.635],[26.27,49.655],[26.27,49.67],[26.245,49.69],[26.225,49.705],[26.195,49.71],[26.215,49.735],[26.245,49.745],[26.235,49.77],[26.225,49.78],[26.225,49.795],[26.215,49.81],[26.2,49.82],[26.18,49.845],[26.2,49.865],[26.165,49.88],[26.16,49.89],[26.135,49.9],[26.14,49.915],[26.165,49.92],[26.145,49.96],[26.155,49.98],[26.175,49.995],[26.2,49.99],[26.21,50.015],[26.175,50.025],[26.225,50.045],[26.22,50.06],[26.2,50.065],[26.2,50.1],[26.275,50.105],[26.275,50.115],[26.235,50.13],[26.21,50.16],[26.22,50.165],[26.22,50.18],[26.18,50.195],[26.195,50.23],[26.21,50.23],[26.21,50.25],[26.215,50.265],[26.19,50.265],[26.16,50.23],[26.08,50.25],[26.065,50.255],[26.02,50.23],[25.99,50.245],[25.97,50.245],[25.965,50.255],[25.935,50.255],[25.9,50.235],[25.87,50.21],[25.86,50.19],[25.82,50.18],[25.795,50.185],[25.755,50.18],[25.73,50.185],[25.725,50.175],[25.705,50.17],[25.685,50.175],[25.625,50.15],[25.61,50.165],[25.575,50.175],[25.555,50.15],[25.5,50.155],[25.475,50.165],[25.45,50.15],[25.45,50.125],[25.455,50.115],[25.485,50.115],[25.49,50.1],[25.455,50.095],[25.455,50.08],[25.44,50.07],[25.43,50.055],[25.365,50.045],[25.36,50.015],[25.345,50.005]]]},"properties":{"shapeName":"Ternopil Oblast","shapeISO":"UA-61","shapeID":"14850775B81694531118507","shapeType":"ADM1"}},
{"type":"Feature","geometry":{"type":"Polygon","coordinates":[[[24.92,47.725],[24.985,47.73],[25.005,47.735],[25.04,47.725],[25.065,47.74],[25.115,47.755],[25.115,47.77],[25.15,47.79],[25.17,47.795],[25.165,47.81],[25.18,47.825],[25.195,47.835],[25.205,47.855],[25.22,47.86],[25.22,47.875],[25.235,47.895],[25.27,47.89],[25.31,47.915],[25.345,47.915],[25.505,47.935],[25.59,47.94],[25.625,47.95],[25.66,47.95],[25.72,47.94],[25.775,47.94],[25.82,47.955],[25.825,47.965],[25.86,47.97],[25.89,47.96],[25.905,47.965],[25.915,47.98],[25.95,47.97],[26.06,47.99],[26.1,47.98],[26.125,47.99],[26.135,47.985],[26.185,47.995],[26.2,48.01],[26.215,48.055],[26.27,48.075],[26.3,48.135],[26.335,48.16],[26.33,48.175],[26.335,48.185],[26.36,48.185],[26.37,48.2],[26.405,48.19],[26.425,48.2],[26.46,48.205],[26.46,48.215],[26.5,48.215],[26.51,48.21],[26.57,48.22],[26.57,48.24],[26.585,48.245],[26.6,48.24],[26.62,48.24],[26.63,48.26],[26.615,48.275],[26.64,48.29],[26.65,48.305],[26.695,48.325],[26.68,48.36],[26.69,48.365],[26.74,48.315],[26.76,48.325],[26.765,48.3],[26.795,48.29],[26.815,48.295],[26.825,48.305],[26.825,48.345],[26.81,48.35],[26.795,48.345],[26.765,48.355],[26.74,48.38],[26.71,48.405],[26.725,48.41],[26.755,48.4],[26.775,48.42],[26.79,48.42],[26.85,48.415],[26.875,48.42],[26.9,48.395],[26.895,48.385],[26.93,48.37],[26.995,48.36],[27,48.375],[27.015,48.38],[27.05,48.38],[27.045,48.405],[27.03,48.425],[27.065,48.42],[27.085,48.435],[27.085,48.415],[27.125,48.38],[27.14,48.375],[27.17,48.38],[27.19,48.395],[27.215,48.39],[27.235,48.375],[27.265,48.38],[27.285,48.37],[27.295,48.41],[27.315,48.425],[27.32,48.445],[27.335,48.44],[27.355,48.45],[27.375,48.44],[27.375,48.425],[27.385,48.41],[27.415,48.415],[27.445,48.41],[27.46,48.435],[27.465,48.445],[27.49,48.46],[27.505,48.455],[27.535,48.47],[27.52,48.47],[27.5,48.485],[27.48,48.505],[27.48,48.535],[27.46,48.585],[27.45,48.595],[27.42,48.615],[27.375,48.63],[27.355,48.63],[27.345,48.605],[27.315,48.6],[27.29,48.62],[27.255,48.625],[27.235,48.61],[27.265,48.585],[27.265,48.58],[27.25,48.565],[27.22,48.565],[27.185,48.585],[27.16,48.585],[27.135,48.565],[27.11,48.555],[27.09,48.555],[27.05,48.565],[27.03,48.565],[27,48.57],[26.995,48.59],[26.985,48.59],[26.965,48.575],[26.92,48.57],[26.9,48.55],[26.875,48.545],[26.855,48.55],[26.82,48.58],[26.825,48.6],[26.805,48.61],[26.785,48.6],[26.78,48.59],[26.795,48.57],[26.79,48.555],[26.78,48.545],[26.76,48.55],[26.75,48.58],[26.73,48.585],[26.725,48.575],[26.745,48.555],[26.74,48.54],[26.71,48.535],[26.665,48.56],[26.63,48.56],[26.62,48.55],[26.63,48.535],[26.665,48.54],[26.68,48.535],[26.69,48.52],[26.71,48.505],[26.71,48.49],[26.665,48.49],[26.63,48.51],[26.61,48.505],[26.61,48.495],[26.625,48.47],[26.62,48.455],[26.595,48.45],[26.565,48.455],[26.55,48.465],[26.535,48.485],[26.505,48.52],[26.495,48.54],[26.47,48.545],[26.445,48.54],[26.41,48.535],[26.385,48.53],[26.37,48.515],[26.355,48.505],[26.325,48.515],[26.31,48.51],[26.295,48.515],[26.28,48.535],[26.27,48.54],[26.2,48.525],[26.17,48.53],[26.145,48.545],[26.14,48.57],[26.145,48.6],[26.125,48.615],[26.105,48.615],[26.095,48.6],[26.105,48.58],[26.12,48.57],[26.125,48.555],[26.105,48.54],[26.09,48.54],[26.08,48.555],[26.06,48.57],[26.045,48.585],[26.065,48.605],[26.055,48.645],[26.035,48.645],[26.03,48.625],[26.02,48.61],[25.985,48.62],[25.97,48.62],[25.935,48.59],[25.9,48.59],[25.875,48.6],[25.85,48.595],[25.855,48.615],[25.8,48.67],[25.78,48.675],[25.76,48.665],[25.74,48.635],[25.725,48.64],[25.72,48.655],[25.705,48.665],[25.65,48.665],[25.63,48.675],[25.62,48.66],[25.605,48.655],[25.585,48.635],[25.59,48.625],[25.585,48.59],[25.605,48.57],[25.6,48.54],[25.61,48.535],[25.6,48.5],[25.6,48.445],[25.61,48.43],[25.605,48.41],[25.62,48.41],[25.62,48.38],[25.605,48.38],[25.55,48.38],[25.52,48.4],[25.44,48.4],[25.435,48.395],[25.4,48.395],[25.365,48.385],[25.345,48.375],[25.31,48.365],[25.295,48.345],[25.285,48.345],[25.275,48.33],[25.245,48.315],[25.23,48.29],[25.195,48.255],[25.175,48.245],[25.15,48.25],[25.11,48.225],[25.115,48.21],[25.14,48.195],[25.135,48.18],[25.1,48.185],[25.085,48.175],[25.09,48.16],[25.065,48.16],[25.07,48.145],[25.065,48.13],[25.045,48.13],[25.03,48.11],[24.99,48.12],[24.98,48.11],[24.995,48.085],[24.97,48.07],[24.94,48.05],[24.935,48.04],[24.91,48.025],[24.91,47.995],[24.92,47.945],[24.925,47.94],[24.955,47.92],[24.96,47.905],[24.945,47.9],[24.995,47.855],[24.985,47.835],[24.945,47.795],[24.935,47.76],[24.93,47.75],[24.92,47.725]]]},"properties":{"shapeName":"Chernivtsi Oblast","shapeISO":"UA-77","shapeID":"14850775B35593196550103","shapeType":"ADM1"}},
{"type":"Feature","geometry":{"type":"Polygon","coordinates":[[[31.16,46.41],[31.175,46.625],[31.19,46.64],[31.195,46.655],[31.18,46.68],[31.18,46.71],[31.155,46.73],[31.155,46.745],[31.18,46.77],[31.155,46.79],[31.155,46.835],[31.12,46.845],[31.11,46.845],[31.095,46.88],[31.05,46.9],[31.04,46.9],[31.03,46.935],[31.025,46.94],[31.02,46.965],[31.04,46.97],[31.09,46.975],[31.085,46.985],[31.135,46.99],[31.14,46.98],[31.24,46.99],[31.23,47.02],[31.265,47.03],[31.29,47.025],[31.295,47.045],[31.305,47.05],[31.27,47.17],[31.245,47.18],[31.2,47.17],[31.195,47.155],[31.16,47.155],[31.13,47.155],[31.11,47.155],[31.125,47.175],[31.155,47.18],[31.145,47.22],[31.18,47.225],[31.17,47.255],[31.17,47.265],[31.08,47.255],[31.08,47.25],[31.02,47.24],[31.005,47.27],[30.99,47.265],[30.995,47.29],[30.91,47.275],[30.895,47.32],[30.875,47.32],[30.87,47.335],[30.91,47.345],[30.9,47.36],[30.885,47.36],[30.875,47.4],[30.895,47.405],[30.885,47.425],[30.85,47.42],[30.85,47.445],[30.865,47.445],[30.855,47.48],[30.85,47.505],[30.885,47.505],[30.875,47.545],[30.835,47.535],[30.83,47.55],[30.775,47.545],[30.75,47.56],[30.745,47.58],[30.78,47.585],[30.775,47.625],[30.79,47.65],[30.71,47.64],[30.72,47.61],[30.7,47.6],[30.66,47.6],[30.665,47.635],[30.62,47.625],[30.61,47.635],[30.57,47.625],[30.56,47.63],[30.47,47.62],[30.465,47.64],[30.42,47.635],[30.415,47.67],[30.39,47.745],[30.4,47.76],[30.425,47.76],[30.415,47.785],[30.43,47.8],[30.425,47.82],[30.335,47.81],[30.32,47.845],[30.3,47.92],[30.31,47.93],[30.28,47.95],[30.245,47.965],[30.25,47.985],[30.225,48.01],[30.255,48.02],[30.235,48.06],[30.23,48.07],[30.25,48.09],[30.285,48.085],[30.29,48.095],[30.33,48.095],[30.355,48.1],[30.355,48.11],[30.315,48.115],[30.305,48.14],[30.285,48.14],[30.26,48.15],[30.245,48.14],[30.19,48.155],[30.165,48.145],[30.135,48.15],[30.105,48.14],[30.045,48.155],[30.035,48.18],[30.02,48.185],[30,48.185],[30.01,48.21],[29.99,48.22],[29.97,48.22],[29.93,48.235],[29.89,48.185],[29.875,48.19],[29.86,48.205],[29.84,48.21],[29.795,48.2],[29.78,48.21],[29.765,48.2],[29.725,48.205],[29.69,48.195],[29.655,48.195],[29.675,48.17],[29.675,48.155],[29.67,48.125],[29.66,48.11],[29.635,48.11],[29.64,48.125],[29.6,48.135],[29.585,48.11],[29.555,48.1],[29.52,48.1],[29.48,48.11],[29.475,48.12],[29.445,48.12],[29.395,48.115],[29.37,48.095],[29.35,48.09],[29.335,48.095],[29.31,48.085],[29.265,48.095],[29.265,48.105],[29.245,48.11],[29.23,48.105],[29.205,48.115],[29.22,48.125],[29.255,48.135],[29.24,48.14],[29.215,48.145],[29.21,48.135],[29.17,48.14],[29.145,48.155],[29.135,48.155],[29.08,48.195],[29.045,48.175],[29.05,48.15],[29.035,48.13],[29.02,48.13],[29.01,48.15],[28.985,48.145],[28.97,48.155],[28.945,48.155],[28.925,48.095],[28.85,48.08],[28.85,48.06],[28.84,48.035],[28.885,48.01],[28.885,47.995],[28.925,47.96],[28.96,47.98],[29.025,47.945],[29.05,47.945],[29.085,47.945],[29.085,47.96],[29.095,47.985],[29.125,47.995],[29.175,47.995],[29.185,47.965],[29.2,47.885],[29.275,47.89],[29.275,47.88],[29.245,47.865],[29.205,47.835],[29.2,47.82],[29.22,47.8],[29.235,47.795],[29.245,47.81],[29.275,47.8],[29.25,47.75],[29.215,47.74],[29.205,47.72],[29.23,47.685],[29.22,47.68],[29.22,47.66],[29.21,47.64],[29.235,47.645],[29.215,47.625],[29.22,47.61],[29.185,47.585],[29.185,47.57],[29.165,47.57],[29.115,47.555],[29.15,47.505],[29.185,47.52],[29.185,47.495],[29.19,47.475],[29.16,47.46],[29.18,47.45],[29.195,47.425],[29.24,47.46],[29.245,47.415],[29.275,47.435],[29.32,47.445],[29.34,47.37],[29.39,47.38],[29.4,47.355],[29.385,47.345],[29.4,47.3],[29.425,47.305],[29.445,47.3],[29.485,47.305],[29.485,47.33],[29.49,47.355],[29.52,47.365],[29.575,47.37],[29.58,47.35],[29.6,47.255],[29.55,47.25],[29.58,47.135],[29.505,47.13],[29.53,47.08],[29.55,47.075],[29.55,47.095],[29.61,47.1],[29.63,47.045],[29.6,47.04],[29.595,46.965],[29.555,46.96],[29.57,46.94],[29.64,46.955],[29.65,46.92],[29.7,46.925],[29.72,46.93],[29.73,46.92],[29.75,46.86],[29.85,46.875],[29.845,46.88],[29.885,46.885],[29.89,46.855],[29.885,46.85],[29.905,46.82],[29.925,46.835],[29.95,46.845],[29.97,46.83],[29.965,46.82],[29.935,46.805],[29.965,46.77],[29.975,46.75],[29.965,46.71],[29.97,46.685],[29.96,46.68],[29.955,46.66],[29.945,46.65],[29.955,46.635],[29.96,46.61],[29.955,46.59],[29.935,46.58],[29.945,46.555],[29.89,46.55],[29.9,46.525],[29.925,46.515],[29.925,46.5],[29.985,46.5],[29.995,46.465],[30.02,46.445],[30.065,46.44],[30.06,46.425],[30.09,46.425],[30.11,46.43],[30.125,46.425],[30.14,46.41],[30.16,46.425],[30.165,46.415],[30.105,46.39],[30.09,46.385],[30.07,46.395],[30.06,46.4],[30.02,46.385],[29.995,46.39],[29.99,46.385],[29.94,46.4],[29.885,46.37],[29.89,46.35],[29.805,46.385],[29.825,46.395],[29.79,46.42],[29.775,46.455],[29.77,46.455],[29.75,46.47],[29.725,46.465],[29.74,46.445],[29.735,46.435],[29.685,46.425],[29.68,46.44],[29.66,46.435],[29.675,46.37],[29.68,46.36],[29.605,46.355],[29.58,46.36],[29.565,46.415],[29.505,46.425],[29.495,46.43],[29.485,46.445],[29.5,46.46],[29.45,46.5],[29.385,46.445],[29.35,46.505],[29.33,46.495],[29.335,46.475],[29.31,46.465],[29.32,46.45],[29.305,46.445],[29.325,46.415],[29.305,46.41],[29.295,46.415],[29.265,46.405],[29.27,46.395],[29.24,46.375],[29.205,46.385],[29.245,46.415],[29.23,46.43],[29.23,46.46],[29.22,46.465],[29.255,46.485],[29.24,46.5],[29.235,46.56],[29.16,46.545],[29.165,46.515],[29.065,46.51],[29.04,46.505],[29.035,46.49],[28.98,46.49],[28.985,46.48],[29.025,46.48],[29.025,46.46],[28.93,46.46],[28.965,46.375],[28.985,46.345],[28.985,46.32],[28.955,46.265],[28.95,46.26],[29.07,46.195],[28.95,46.095],[29.005,46.05],[28.98,46.005],[28.775,45.97],[28.78,45.96],[28.755,45.955],[28.765,45.935],[28.755,45.925],[28.785,45.835],[28.695,45.82],[28.71,45.78],[28.625,45.765],[28.59,45.77],[28.595,45.735],[28.59,45.73],[28.565,45.725],[28.555,45.735],[28.52,45.735],[28.505,45.7],[28.48,45.68],[28.485,45.66],[28.515,45.665],[28.545,45.58],[28.49,45.57],[28.515,45.5],[28.42,45.485],[28.42,45.515],[28.305,45.545],[28.26,45.515],[28.21,45.465],[28.255,45.46],[28.28,45.445],[28.285,45.435],[28.285,45.4],[28.3,45.38],[28.335,45.33],[28.35,45.32],[28.53,45.265],[28.57,45.25],[28.635,45.245],[28.665,45.24],[28.695,45.225],[28.72,45.225],[28.745,45.235],[28.775,45.235],[28.795,45.245],[28.785,45.26],[28.765,45.265],[28.75,45.28],[28.765,45.29],[28.795,45.295],[28.805,45.31],[28.785,45.32],[28.795,45.335],[28.815,45.335],[28.85,45.315],[28.875,45.315],[28.915,45.285],[28.945,45.28],[28.955,45.295],[28.95,45.31],[28.965,45.33],[28.99,45.335],[29.045,45.36],[29.055,45.36],[29.085,45.375],[29.105,45.375],[29.18,45.4],[29.19,45.415],[29.225,45.425],[29.24,45.435],[29.275,45.425],[29.295,45.43],[29.325,45.45],[29.365,45.435],[29.39,45.435],[29.43,45.445],[29.44,45.435],[29.475,45.425],[29.55,45.41],[29.59,45.39],[29.625,45.36],[29.65,45.34],[29.67,45.31],[29.68,45.27],[29.66,45.25],[29.67,45.22],[29.69,45.205],[29.69,45.19],[29.95,45.17],[29.97,45.14],[29.995,45.115],[30.02,45.095],[30.06,45.08],[30.095,45.07],[30.13,45.06],[30.165,45.055],[30.205,45.055],[30.24,45.055],[30.28,45.06],[30.315,45.07],[30.345,45.08],[30.38,45.095],[30.405,45.115],[30.43,45.13],[30.45,45.155],[30.47,45.18],[30.48,45.205],[30.49,45.23],[30.49,45.255],[30.49,45.28],[30.48,45.31],[30.47,45.335],[30.45,45.355],[30.43,45.38],[30.405,45.4],[30.38,45.415],[30.345,45.43],[30.315,45.44],[30.28,45.45],[30.24,45.455],[30.205,45.455],[30.165,45.455],[30.13,45.45],[30.075,45.435],[30.075,45.46],[30.065,45.505],[30.095,45.52],[30.125,45.54],[30.16,45.55],[30.195,45.565],[30.225,45.585],[30.26,45.62],[30.3,45.64],[30.345,45.67],[30.39,45.69],[30.42,45.705],[30.445,45.725],[30.47,45.75],[30.485,45.77],[30.52,45.795],[30.54,45.815],[30.57,45.855],[30.615,45.89],[30.64,45.91],[30.655,45.935],[30.67,45.96],[30.7,45.97],[30.735,45.985],[30.765,46.005],[30.79,46.025],[30.83,46.065],[30.88,46.095],[30.905,46.115],[30.93,46.135],[30.945,46.16],[30.96,46.19],[30.97,46.235],[31,46.265],[31.015,46.29],[31.03,46.315],[31.04,46.36],[31.045,46.375],[31.095,46.385],[31.16,46.41]]]},"properties":{"shapeName":"Odessa Oblast","shapeISO":"UA-51","shapeID":"14850775B53240635394722","shapeType":"ADM1"}},
{"type":"Feature","geometry":{"type":"Polygon","coordinates":[[[33.095,47.58],[33.095,47.595],[32.96,47.59],[32.96,47.6],[33.01,47.615],[32.995,47.63],[32.97,47.725],[33.01,47.725],[33.01,47.73],[33.07,47.74],[33.065,47.76],[33.055,47.76],[33.05,47.78],[33.065,47.785],[33.055,47.83],[33.06,47.86],[33.075,47.86],[33.07,47.885],[33.085,47.885],[33.08,47.92],[33.015,47.91],[33.005,47.915],[32.995,47.935],[33.01,47.935],[32.995,47.985],[33.005,47.99],[32.99,48.05],[32.95,48.035],[32.945,48.04],[32.915,48.03],[32.88,48.03],[32.895,47.985],[32.865,47.985],[32.81,47.98],[32.795,47.99],[32.78,47.99],[32.69,47.98],[32.695,47.945],[32.735,47.95],[32.745,47.93],[32.65,47.92],[32.655,47.905],[32.675,47.905],[32.685,47.875],[32.665,47.87],[32.675,47.84],[32.665,47.84],[32.66,47.82],[32.625,47.815],[32.43,47.79],[32.415,47.795],[32.385,47.8],[32.365,47.79],[32.34,47.8],[32.33,47.81],[32.3,47.825],[32.235,47.815],[32.24,47.795],[32.225,47.79],[32.23,47.76],[32.145,47.75],[32.115,47.755],[32.11,47.785],[32.09,47.78],[32.075,47.805],[32.06,47.805],[32.055,47.815],[32.015,47.815],[31.96,47.81],[31.965,47.8],[31.84,47.78],[31.825,47.815],[31.87,47.82],[31.855,47.84],[31.855,47.865],[31.89,47.865],[31.885,47.895],[31.875,47.91],[31.855,47.915],[31.845,47.965],[31.775,47.955],[31.75,47.945],[31.73,48.035],[31.785,48.04],[31.765,48.1],[31.695,48.095],[31.685,48.115],[31.68,48.12],[31.645,48.115],[31.635,48.135],[31.58,48.13],[31.585,48.105],[31.56,48.11],[31.54,48.11],[31.55,48.07],[31.51,48.07],[31.47,48.065],[31.475,48.085],[31.5,48.085],[31.485,48.13],[31.42,48.12],[31.42,48.11],[31.395,48.11],[31.39,48.13],[31.37,48.12],[31.33,48.115],[31.325,48.14],[31.235,48.115],[31.22,48.17],[31.2,48.17],[31.185,48.18],[31.19,48.195],[31.165,48.22],[31.14,48.22],[31.135,48.23],[31.055,48.22],[31.055,48.23],[30.98,48.22],[30.99,48.185],[30.96,48.18],[30.93,48.185],[30.93,48.165],[30.885,48.165],[30.855,48.16],[30.85,48.185],[30.82,48.18],[30.815,48.17],[30.79,48.17],[30.785,48.19],[30.72,48.185],[30.715,48.195],[30.685,48.19],[30.645,48.185],[30.655,48.17],[30.62,48.165],[30.615,48.155],[30.555,48.155],[30.555,48.165],[30.525,48.18],[30.505,48.16],[30.49,48.17],[30.47,48.165],[30.435,48.175],[30.415,48.165],[30.365,48.175],[30.325,48.155],[30.325,48.145],[30.305,48.14],[30.315,48.115],[30.355,48.11],[30.355,48.1],[30.33,48.095],[30.29,48.095],[30.285,48.085],[30.25,48.09],[30.23,48.07],[30.235,48.06],[30.255,48.02],[30.225,48.01],[30.25,47.985],[30.245,47.965],[30.28,47.95],[30.31,47.93],[30.3,47.92],[30.32,47.845],[30.335,47.81],[30.425,47.82],[30.43,47.8],[30.415,47.785],[30.425,47.76],[30.4,47.76],[30.39,47.745],[30.415,47.67],[30.42,47.635],[30.465,47.64],[30.47,47.62],[30.56,47.63],[30.57,47.625],[30.61,47.635],[30.62,47.625],[30.665,47.635],[30.66,47.6],[30.7,47.6],[30.72,47.61],[30.71,47.64],[30.79,47.65],[30.775,47.625],[30.78,47.585],[30.745,47.58],[30.75,47.56],[30.775,47.545],[30.83,47.55],[30.835,47.535],[30.875,47.545],[30.885,47.505],[30.85,47.505],[30.855,47.48],[30.865,47.445],[30.85,47.445],[30.85,47.42],[30.885,47.425],[30.895,47.405],[30.875,47.4],[30.885,47.36],[30.9,47.36],[30.91,47.345],[30.87,47.335],[30.875,47.32],[30.895,47.32],[30.91,47.275],[30.995,47.29],[30.99,47.265],[31.005,47.27],[31.02,47.24],[31.08,47.25],[31.08,47.255],[31.17,47.265],[31.17,47.255],[31.18,47.225],[31.145,47.22],[31.155,47.18],[31.125,47.175],[31.11,47.155],[31.13,47.155],[31.16,47.155],[31.195,47.155],[31.2,47.17],[31.245,47.18],[31.27,47.17],[31.305,47.05],[31.295,47.045],[31.29,47.025],[31.265,47.03],[31.23,47.02],[31.24,46.99],[31.14,46.98],[31.135,46.99],[31.085,46.985],[31.09,46.975],[31.04,46.97],[31.02,46.965],[31.025,46.94],[31.03,46.935],[31.04,46.9],[31.05,46.9],[31.095,46.88],[31.11,46.845],[31.12,46.845],[31.155,46.835],[31.155,46.79],[31.18,46.77],[31.155,46.745],[31.155,46.73],[31.18,46.71],[31.18,46.68],[31.195,46.655],[31.19,46.64],[31.175,46.625],[31.16,46.41],[31.38,46.41],[31.83,46.355],[31.805,46.48],[31.815,46.495],[31.845,46.5],[31.94,46.65],[31.99,46.66],[31.985,46.665],[32.03,46.67],[32.02,46.68],[32.085,46.685],[32.075,46.73],[32.06,46.73],[32.055,46.745],[32.11,46.75],[32.11,46.745],[32.17,46.75],[32.17,46.765],[32.22,46.77],[32.21,46.805],[32.23,46.81],[32.25,46.82],[32.23,46.845],[32.315,46.805],[32.34,46.795],[32.375,46.8],[32.365,46.83],[32.465,46.84],[32.47,46.815],[32.53,46.825],[32.525,46.85],[32.54,46.85],[32.545,46.87],[32.57,46.875],[32.585,46.855],[32.615,46.855],[32.69,46.86],[32.7,46.825],[32.815,46.835],[32.815,46.84],[32.87,46.845],[32.95,46.86],[32.945,46.87],[32.92,46.865],[32.915,46.885],[32.855,46.875],[32.835,46.885],[32.84,46.9],[32.925,46.91],[32.93,46.93],[32.98,46.935],[32.975,46.95],[32.95,46.945],[32.935,46.985],[32.95,47.005],[33.02,46.975],[33.07,47.02],[33,47.055],[32.93,47.08],[32.91,47.095],[32.915,47.105],[32.905,47.12],[32.92,47.135],[32.92,47.145],[32.95,47.165],[32.96,47.19],[33.01,47.195],[33.015,47.18],[33.055,47.19],[33.065,47.2],[33.065,47.215],[33.095,47.225],[33.115,47.205],[33.135,47.215],[33.125,47.23],[33.145,47.23],[33.175,47.24],[33.135,47.27],[33.105,47.28],[33.11,47.3],[33.105,47.32],[33.13,47.33],[33.13,47.345],[33.12,47.39],[33.04,47.38],[33.03,47.42],[33.035,47.44],[33.055,47.445],[33.045,47.47],[33.07,47.475],[33.07,47.41],[33.14,47.42],[33.125,47.475],[33.13,47.485],[33.125,47.51],[33.145,47.515],[33.14,47.545],[33.095,47.53],[33.09,47.55],[33.095,47.58]]]},"properties":{"shapeName":"Mykolaiv Oblast","shapeISO":"UA-48","shapeID":"14850775B99856317748721","shapeType":"ADM1"}},
{"type":"Feature","geometry":{"type":"Polygon","coordinates":[[[32.775,45.825],[32.725,45.795],[32.705,45.775],[32.65,45.755],[32.62,45.735],[32.59,45.71],[32.535,45.695],[32.5,45.675],[32.48,45.66],[32.415,45.645],[32.38,45.635],[32.35,45.615],[32.32,45.595],[32.295,45.575],[32.28,45.55],[32.265,45.53],[32.23,45.49],[32.215,45.465],[32.205,45.44],[32.2,45.41],[32.205,45.385],[32.23,45.29],[32.245,45.265],[32.265,45.24],[32.285,45.215],[32.315,45.195],[32.345,45.18],[32.38,45.165],[32.415,45.155],[32.455,45.145],[32.49,45.145],[32.515,45.135],[32.555,45.12],[32.59,45.115],[32.63,45.11],[32.67,45.115],[32.71,45.115],[32.75,45.125],[32.83,45.15],[32.865,45.11],[32.89,45.09],[32.945,45.06],[32.995,45.025],[33.03,45.005],[33.09,44.99],[33.115,44.975],[33.195,44.95],[33.23,44.945],[33.295,44.94],[33.555,44.84],[33.565,44.84],[33.585,44.81],[33.605,44.81],[33.665,44.795],[33.675,44.785],[33.685,44.77],[33.63,44.75],[33.615,44.75],[33.615,44.71],[33.66,44.715],[33.675,44.71],[33.725,44.715],[33.75,44.7],[33.775,44.69],[33.755,44.675],[33.755,44.665],[33.715,44.635],[33.715,44.62],[33.735,44.6],[33.745,44.605],[33.78,44.615],[33.79,44.585],[33.825,44.57],[33.835,44.54],[33.855,44.525],[33.845,44.52],[33.89,44.48],[33.925,44.425],[33.845,44.415],[33.825,44.41],[33.76,44.39],[33.695,44.19],[33.735,44.185],[33.775,44.185],[33.815,44.185],[33.855,44.195],[33.89,44.19],[33.95,44.185],[33.99,44.185],[34.03,44.195],[34.095,44.215],[34.16,44.215],[34.2,44.22],[34.24,44.23],[34.27,44.245],[34.305,44.265],[34.335,44.285],[34.355,44.305],[34.4,44.32],[34.435,44.335],[34.46,44.355],[34.495,44.37],[34.525,44.385],[34.555,44.405],[34.58,44.43],[34.6,44.455],[34.62,44.5],[34.645,44.52],[34.665,44.545],[34.715,44.57],[34.735,44.585],[34.775,44.595],[34.81,44.605],[34.85,44.6],[34.89,44.605],[34.93,44.61],[34.965,44.6],[35.02,44.585],[35.06,44.585],[35.12,44.585],[35.16,44.595],[35.195,44.605],[35.23,44.615],[35.3,44.65],[35.33,44.67],[35.36,44.69],[35.38,44.715],[35.4,44.735],[35.41,44.745],[35.465,44.75],[35.5,44.76],[35.535,44.775],[35.565,44.79],[35.595,44.81],[35.63,44.85],[35.685,44.82],[35.725,44.805],[35.78,44.795],[35.82,44.79],[35.86,44.795],[35.925,44.805],[35.995,44.805],[36.035,44.81],[36.07,44.82],[36.105,44.835],[36.135,44.825],[36.175,44.82],[36.215,44.82],[36.255,44.82],[36.295,44.83],[36.33,44.84],[36.365,44.85],[36.395,44.85],[36.435,44.855],[36.475,44.865],[36.51,44.875],[36.545,44.89],[36.575,44.91],[36.61,44.94],[36.57,45.05],[36.545,45.135],[36.53,45.2],[36.555,45.22],[36.595,45.255],[36.605,45.31],[36.665,45.36],[36.68,45.455],[36.67,45.625],[36.585,45.635],[36.34,45.67],[36.135,45.65],[36.07,45.625],[36.01,45.62],[35.98,45.615],[35.94,45.635],[35.87,45.645],[35.8,45.645],[35.735,45.635],[35.675,45.61],[35.63,45.575],[35.595,45.535],[35.575,45.49],[35.535,45.525],[35.51,45.54],[35.46,45.56],[35.445,45.595],[35.43,45.62],[35.385,45.655],[35.335,45.685],[35.315,45.725],[35.28,45.765],[35.235,45.79],[34.975,45.76],[34.96,45.755],[34.945,45.765],[34.865,45.795],[34.8,45.81],[34.8,45.9],[34.755,45.91],[34.67,45.97],[34.63,45.985],[34.605,45.995],[34.56,45.995],[34.52,45.955],[34.505,45.945],[34.465,45.945],[34.445,45.96],[34.415,45.99],[34.405,46.01],[34.345,46.055],[34.33,46.06],[34.25,46.055],[34.19,46.065],[34.145,46.085],[34.115,46.105],[34.08,46.12],[34.055,46.11],[34,46.125],[33.985,46.135],[33.92,46.16],[33.86,46.195],[33.85,46.2],[33.81,46.205],[33.775,46.2],[33.735,46.185],[33.685,46.205],[33.645,46.23],[33.615,46.225],[33.635,46.145],[33.615,46.135],[33.57,46.105],[33.59,46.06],[33.54,46.01],[33.185,45.925],[32.97,45.875],[32.775,45.825]]]},"properties":{"shapeName":"Autonomous Republic of Crimea","shapeISO":"UA-43","shapeID":"14850775B24260608407062","shapeType":"ADM1"}},
{"type":"Feature","geometry":{"type":"Polygon","coordinates":[[[27.815,49.735],[27.835,49.73],[27.805,49.71],[27.81,49.7],[27.76,49.695],[27.77,49.665],[27.81,49.645],[27.8,49.62],[27.785,49.595],[27.76,49.585],[27.76,49.57],[27.795,49.555],[27.785,49.545],[27.795,49.535],[27.78,49.52],[27.76,49.53],[27.745,49.53],[27.735,49.495],[27.77,49.49],[27.745,49.45],[27.75,49.44],[27.78,49.445],[27.805,49.44],[27.825,49.42],[27.835,49.39],[27.81,49.39],[27.815,49.355],[27.84,49.35],[27.86,49.33],[27.85,49.31],[27.865,49.295],[27.85,49.265],[27.87,49.25],[27.855,49.235],[27.865,49.215],[27.895,49.21],[27.9,49.185],[27.855,49.17],[27.815,49.19],[27.79,49.18],[27.74,49.14],[27.715,49.15],[27.685,49.14],[27.64,49.17],[27.595,49.155],[27.595,49.135],[27.57,49.12],[27.535,49.135],[27.49,49.12],[27.505,49.11],[27.48,49.085],[27.5,49.075],[27.49,49.07],[27.435,49.07],[27.415,49.055],[27.405,49.03],[27.385,49.01],[27.395,48.99],[27.415,48.97],[27.39,48.94],[27.395,48.925],[27.395,48.9],[27.415,48.88],[27.41,48.85],[27.42,48.82],[27.41,48.815],[27.42,48.795],[27.405,48.765],[27.39,48.755],[27.41,48.74],[27.4,48.73],[27.415,48.705],[27.39,48.685],[27.39,48.66],[27.375,48.63],[27.42,48.615],[27.45,48.595],[27.46,48.585],[27.48,48.535],[27.48,48.505],[27.5,48.485],[27.52,48.47],[27.535,48.47],[27.58,48.49],[27.6,48.49],[27.59,48.465],[27.595,48.46],[27.645,48.44],[27.675,48.44],[27.725,48.455],[27.755,48.455],[27.785,48.445],[27.81,48.43],[27.82,48.42],[27.845,48.415],[27.875,48.405],[27.88,48.39],[27.88,48.375],[27.915,48.35],[27.955,48.33],[27.97,48.325],[28.04,48.325],[28.07,48.32],[28.095,48.295],[28.08,48.255],[28.08,48.24],[28.105,48.23],[28.14,48.25],[28.145,48.265],[28.18,48.255],[28.185,48.215],[28.205,48.205],[28.22,48.205],[28.305,48.24],[28.325,48.235],[28.345,48.245],[28.36,48.245],[28.365,48.23],[28.37,48.205],[28.36,48.19],[28.345,48.18],[28.31,48.165],[28.305,48.14],[28.32,48.135],[28.355,48.14],[28.37,48.165],[28.385,48.175],[28.41,48.175],[28.435,48.165],[28.44,48.14],[28.42,48.125],[28.44,48.095],[28.465,48.075],[28.49,48.075],[28.495,48.09],[28.5,48.125],[28.52,48.14],[28.505,48.15],[28.53,48.155],[28.545,48.17],[28.57,48.175],[28.59,48.175],[28.61,48.155],[28.65,48.15],[28.65,48.145],[28.68,48.145],[28.69,48.125],[28.72,48.125],[28.755,48.135],[28.77,48.125],[28.815,48.125],[28.835,48.13],[28.855,48.11],[28.85,48.08],[28.925,48.095],[28.945,48.155],[28.97,48.155],[28.985,48.145],[29.01,48.15],[29.02,48.13],[29.035,48.13],[29.05,48.15],[29.045,48.175],[29.08,48.195],[29.135,48.155],[29.145,48.155],[29.17,48.14],[29.21,48.135],[29.215,48.145],[29.24,48.14],[29.255,48.135],[29.22,48.125],[29.205,48.115],[29.23,48.105],[29.245,48.11],[29.265,48.105],[29.265,48.095],[29.31,48.085],[29.335,48.095],[29.35,48.09],[29.37,48.095],[29.395,48.115],[29.445,48.12],[29.475,48.12],[29.48,48.11],[29.52,48.1],[29.555,48.1],[29.585,48.11],[29.6,48.135],[29.64,48.125],[29.635,48.11],[29.66,48.11],[29.67,48.125],[29.675,48.155],[29.675,48.17],[29.655,48.195],[29.69,48.195],[29.725,48.205],[29.765,48.2],[29.78,48.21],[29.77,48.225],[29.785,48.245],[29.77,48.255],[29.775,48.27],[29.75,48.29],[29.78,48.315],[29.785,48.33],[29.805,48.33],[29.805,48.36],[29.785,48.37],[29.87,48.415],[29.865,48.425],[29.95,48.45],[29.955,48.465],[29.97,48.47],[29.965,48.49],[30,48.49],[30.005,48.51],[30.015,48.52],[30.02,48.54],[30.005,48.55],[30.005,48.57],[29.995,48.58],[29.955,48.585],[29.95,48.595],[29.95,48.61],[29.985,48.61],[29.98,48.635],[29.945,48.66],[29.945,48.67],[29.915,48.67],[29.855,48.715],[29.87,48.735],[29.885,48.735],[29.86,48.76],[29.865,48.765],[29.8,48.775],[29.785,48.785],[29.765,48.785],[29.76,48.845],[29.73,48.855],[29.73,48.885],[29.715,48.895],[29.735,48.91],[29.7,48.915],[29.685,48.91],[29.67,48.92],[29.655,48.94],[29.66,48.95],[29.65,48.96],[29.695,49],[29.685,49.005],[29.68,49.02],[29.67,49.025],[29.64,49.015],[29.615,49.04],[29.64,49.055],[29.635,49.06],[29.65,49.095],[29.69,49.09],[29.68,49.11],[29.735,49.12],[29.72,49.13],[29.71,49.155],[29.72,49.155],[29.72,49.18],[29.725,49.2],[29.71,49.205],[29.705,49.225],[29.725,49.22],[29.735,49.23],[29.725,49.23],[29.71,49.265],[29.695,49.255],[29.69,49.235],[29.665,49.25],[29.64,49.245],[29.615,49.265],[29.625,49.275],[29.605,49.3],[29.615,49.305],[29.59,49.32],[29.535,49.325],[29.52,49.335],[29.52,49.36],[29.505,49.37],[29.505,49.395],[29.54,49.4],[29.56,49.415],[29.57,49.435],[29.595,49.445],[29.59,49.455],[29.56,49.465],[29.545,49.485],[29.56,49.5],[29.585,49.495],[29.585,49.505],[29.565,49.51],[29.54,49.52],[29.54,49.54],[29.53,49.565],[29.5,49.595],[29.515,49.62],[29.535,49.635],[29.505,49.65],[29.48,49.65],[29.43,49.665],[29.41,49.66],[29.395,49.65],[29.38,49.62],[29.355,49.625],[29.34,49.615],[29.325,49.63],[29.275,49.625],[29.275,49.59],[29.255,49.59],[29.24,49.605],[29.21,49.59],[29.19,49.585],[29.15,49.595],[29.115,49.585],[29.105,49.595],[29.025,49.59],[28.995,49.595],[28.985,49.605],[29.01,49.635],[28.99,49.645],[28.965,49.67],[28.95,49.675],[28.965,49.7],[28.975,49.7],[29.005,49.73],[29,49.74],[28.965,49.755],[28.965,49.775],[28.94,49.785],[28.97,49.805],[28.96,49.82],[28.945,49.82],[28.955,49.84],[28.935,49.855],[28.905,49.86],[28.9,49.88],[28.88,49.89],[28.855,49.89],[28.845,49.86],[28.815,49.855],[28.785,49.85],[28.785,49.845],[28.75,49.845],[28.75,49.82],[28.725,49.795],[28.715,49.815],[28.69,49.815],[28.68,49.8],[28.635,49.815],[28.6,49.81],[28.6,49.785],[28.57,49.775],[28.555,49.785],[28.53,49.82],[28.48,49.805],[28.47,49.825],[28.42,49.825],[28.405,49.79],[28.38,49.78],[28.35,49.79],[28.295,49.8],[28.245,49.8],[28.22,49.79],[28.155,49.785],[28.095,49.77],[28.02,49.77],[27.98,49.78],[27.96,49.78],[27.935,49.77],[27.9,49.765],[27.89,49.76],[27.85,49.755],[27.815,49.745],[27.815,49.735]]]},"properties":{"shapeName":"Vinnytsia Oblast","shapeISO":"UA-05","shapeID":"14850775B93300237551625","shapeType":"ADM1"}},
{"type":"Feature","geometry":{"type":"Polygon","coordinates":[[[26.22,50.18],[26.22,50.165],[26.21,50.16],[26.235,50.13],[26.275,50.115],[26.275,50.105],[26.2,50.1],[26.2,50.065],[26.22,50.06],[26.225,50.045],[26.175,50.025],[26.21,50.015],[26.2,49.99],[26.175,49.995],[26.155,49.98],[26.145,49.96],[26.165,49.92],[26.14,49.915],[26.135,49.9],[26.16,49.89],[26.165,49.88],[26.2,49.865],[26.18,49.845],[26.2,49.82],[26.215,49.81],[26.225,49.795],[26.225,49.78],[26.235,49.77],[26.245,49.745],[26.215,49.735],[26.195,49.71],[26.225,49.705],[26.245,49.69],[26.27,49.67],[26.27,49.655],[26.255,49.635],[26.23,49.635],[26.225,49.625],[26.2,49.605],[26.215,49.59],[26.205,49.575],[26.22,49.55],[26.2,49.555],[26.175,49.55],[26.16,49.53],[26.16,49.52],[26.145,49.51],[26.19,49.48],[26.19,49.455],[26.2,49.44],[26.195,49.43],[26.215,49.42],[26.235,49.4],[26.225,49.375],[26.245,49.37],[26.23,49.35],[26.225,49.33],[26.25,49.31],[26.245,49.3],[26.26,49.29],[26.24,49.28],[26.26,49.265],[26.235,49.245],[26.21,49.245],[26.2,49.22],[26.185,49.2],[26.205,49.17],[26.19,49.16],[26.2,49.145],[26.195,49.125],[26.205,49.095],[26.185,49.05],[26.21,49.035],[26.2,49.025],[26.215,49.01],[26.21,49],[26.185,49],[26.205,48.95],[26.195,48.935],[26.195,48.905],[26.205,48.9],[26.215,48.88],[26.205,48.855],[26.22,48.85],[26.22,48.835],[26.25,48.825],[26.225,48.81],[26.235,48.795],[26.205,48.795],[26.215,48.78],[26.235,48.78],[26.245,48.755],[26.235,48.75],[26.245,48.735],[26.24,48.72],[26.23,48.71],[26.245,48.67],[26.28,48.67],[26.275,48.645],[26.295,48.635],[26.315,48.64],[26.315,48.625],[26.325,48.61],[26.325,48.6],[26.345,48.595],[26.345,48.565],[26.38,48.565],[26.405,48.545],[26.445,48.54],[26.47,48.545],[26.495,48.54],[26.505,48.52],[26.535,48.485],[26.55,48.465],[26.565,48.455],[26.595,48.45],[26.62,48.455],[26.625,48.47],[26.61,48.495],[26.61,48.505],[26.63,48.51],[26.665,48.49],[26.71,48.49],[26.71,48.505],[26.69,48.52],[26.68,48.535],[26.665,48.54],[26.63,48.535],[26.62,48.55],[26.63,48.56],[26.665,48.56],[26.71,48.535],[26.74,48.54],[26.745,48.555],[26.725,48.575],[26.73,48.585],[26.75,48.58],[26.76,48.55],[26.78,48.545],[26.79,48.555],[26.795,48.57],[26.78,48.59],[26.785,48.6],[26.805,48.61],[26.825,48.6],[26.82,48.58],[26.855,48.55],[26.875,48.545],[26.9,48.55],[26.92,48.57],[26.965,48.575],[26.985,48.59],[26.995,48.59],[27,48.57],[27.03,48.565],[27.05,48.565],[27.09,48.555],[27.11,48.555],[27.135,48.565],[27.16,48.585],[27.185,48.585],[27.22,48.565],[27.25,48.565],[27.265,48.58],[27.265,48.585],[27.235,48.61],[27.255,48.625],[27.29,48.62],[27.315,48.6],[27.345,48.605],[27.355,48.63],[27.375,48.63],[27.39,48.66],[27.39,48.685],[27.415,48.705],[27.4,48.73],[27.41,48.74],[27.39,48.755],[27.405,48.765],[27.42,48.795],[27.41,48.815],[27.42,48.82],[27.41,48.85],[27.415,48.88],[27.395,48.9],[27.395,48.925],[27.39,48.94],[27.415,48.97],[27.395,48.99],[27.385,49.01],[27.405,49.03],[27.415,49.055],[27.435,49.07],[27.49,49.07],[27.5,49.075],[27.48,49.085],[27.505,49.11],[27.49,49.12],[27.535,49.135],[27.57,49.12],[27.595,49.135],[27.595,49.155],[27.64,49.17],[27.685,49.14],[27.715,49.15],[27.74,49.14],[27.79,49.18],[27.815,49.19],[27.855,49.17],[27.9,49.185],[27.895,49.21],[27.865,49.215],[27.855,49.235],[27.87,49.25],[27.85,49.265],[27.865,49.295],[27.85,49.31],[27.86,49.33],[27.84,49.35],[27.815,49.355],[27.81,49.39],[27.835,49.39],[27.825,49.42],[27.805,49.44],[27.78,49.445],[27.75,49.44],[27.745,49.45],[27.77,49.49],[27.735,49.495],[27.745,49.53],[27.76,49.53],[27.78,49.52],[27.795,49.535],[27.785,49.545],[27.795,49.555],[27.76,49.57],[27.76,49.585],[27.785,49.595],[27.8,49.62],[27.81,49.645],[27.77,49.665],[27.76,49.695],[27.81,49.7],[27.805,49.71],[27.835,49.73],[27.815,49.735],[27.81,49.73],[27.78,49.73],[27.75,49.755],[27.705,49.77],[27.725,49.8],[27.695,49.81],[27.67,49.81],[27.665,49.795],[27.62,49.84],[27.61,49.875],[27.625,49.89],[27.595,49.89],[27.59,49.895],[27.55,49.9],[27.55,49.935],[27.565,49.96],[27.56,49.985],[27.545,50],[27.545,50.01],[27.565,50.02],[27.585,50.015],[27.61,50.005],[27.64,50.035],[27.67,50.025],[27.68,50.035],[27.675,50.07],[27.655,50.08],[27.615,50.085],[27.63,50.105],[27.625,50.125],[27.635,50.145],[27.65,50.155],[27.675,50.155],[27.665,50.17],[27.66,50.195],[27.635,50.19],[27.64,50.175],[27.62,50.17],[27.62,50.2],[27.61,50.215],[27.595,50.215],[27.6,50.24],[27.595,50.26],[27.58,50.26],[27.565,50.245],[27.54,50.245],[27.525,50.225],[27.49,50.24],[27.48,50.255],[27.44,50.26],[27.445,50.275],[27.415,50.275],[27.415,50.305],[27.365,50.33],[27.325,50.335],[27.315,50.34],[27.325,50.355],[27.32,50.37],[27.25,50.395],[27.26,50.42],[27.29,50.455],[27.29,50.475],[27.3,50.495],[27.27,50.49],[27.26,50.51],[27.205,50.53],[27.195,50.56],[27.13,50.56],[27.125,50.57],[27.13,50.59],[27.115,50.595],[27.105,50.585],[27.08,50.585],[27.055,50.55],[27.02,50.56],[27.005,50.54],[26.965,50.53],[26.94,50.53],[26.9,50.545],[26.88,50.535],[26.87,50.52],[26.855,50.51],[26.83,50.525],[26.82,50.505],[26.79,50.505],[26.765,50.49],[26.765,50.465],[26.74,50.46],[26.735,50.445],[26.715,50.44],[26.715,50.415],[26.69,50.42],[26.68,50.39],[26.66,50.39],[26.65,50.365],[26.62,50.37],[26.6,50.37],[26.585,50.34],[26.55,50.33],[26.56,50.315],[26.545,50.31],[26.52,50.305],[26.515,50.285],[26.495,50.28],[26.495,50.265],[26.47,50.26],[26.42,50.26],[26.4,50.265],[26.385,50.255],[26.365,50.25],[26.35,50.24],[26.325,50.23],[26.305,50.215],[26.305,50.2],[26.285,50.185],[26.235,50.17],[26.22,50.18]]]},"properties":{"shapeName":"Khmelnytskyi Oblast","shapeISO":"UA-68","shapeID":"14850775B78366470925827","shapeType":"ADM1"}},
{"type":"Feature","geometry":{"type":"Polygon","coordinates":[[[29.735,49.23],[29.725,49.22],[29.705,49.225],[29.71,49.205],[29.725,49.2],[29.72,49.18],[29.72,49.155],[29.71,49.155],[29.72,49.13],[29.735,49.12],[29.68,49.11],[29.69,49.09],[29.65,49.095],[29.635,49.06],[29.64,49.055],[29.615,49.04],[29.64,49.015],[29.67,49.025],[29.68,49.02],[29.685,49.005],[29.695,49],[29.65,48.96],[29.66,48.95],[29.655,48.94],[29.67,48.92],[29.685,48.91],[29.7,48.915],[29.735,48.91],[29.715,48.895],[29.73,48.885],[29.73,48.855],[29.76,48.845],[29.765,48.785],[29.785,48.785],[29.8,48.775],[29.865,48.765],[29.86,48.76],[29.885,48.735],[29.87,48.735],[29.855,48.715],[29.915,48.67],[29.945,48.67],[29.945,48.66],[29.98,48.635],[29.985,48.61],[29.95,48.61],[29.95,48.595],[29.955,48.585],[29.995,48.58],[30.005,48.57],[30.005,48.55],[30.02,48.54],[30.015,48.52],[30.005,48.51],[30,48.49],[29.965,48.49],[29.97,48.47],[30,48.48],[30.05,48.485],[30.09,48.46],[30.115,48.45],[30.13,48.47],[30.155,48.485],[30.15,48.5],[30.165,48.505],[30.22,48.48],[30.255,48.49],[30.255,48.505],[30.31,48.51],[30.325,48.52],[30.385,48.525],[30.39,48.545],[30.405,48.575],[30.455,48.585],[30.475,48.565],[30.485,48.57],[30.53,48.565],[30.54,48.57],[30.565,48.565],[30.565,48.58],[30.57,48.605],[30.53,48.63],[30.55,48.655],[30.595,48.665],[30.61,48.7],[30.575,48.72],[30.61,48.72],[30.625,48.74],[30.64,48.75],[30.7,48.77],[30.72,48.76],[30.75,48.76],[30.755,48.77],[30.805,48.76],[30.9,48.75],[30.905,48.76],[30.975,48.76],[30.995,48.765],[31.005,48.755],[31.02,48.76],[31.06,48.755],[31.065,48.74],[31.155,48.745],[31.175,48.76],[31.205,48.755],[31.22,48.77],[31.25,48.765],[31.26,48.75],[31.3,48.76],[31.315,48.755],[31.315,48.735],[31.33,48.725],[31.355,48.73],[31.385,48.73],[31.385,48.745],[31.405,48.74],[31.425,48.765],[31.47,48.79],[31.53,48.805],[31.525,48.815],[31.56,48.83],[31.555,48.835],[31.565,48.855],[31.56,48.865],[31.58,48.88],[31.57,48.89],[31.58,48.915],[31.595,48.905],[31.6,48.895],[31.62,48.905],[31.64,48.91],[31.655,48.9],[31.69,48.895],[31.7,48.92],[31.7,48.93],[31.725,48.935],[31.75,48.925],[31.77,48.935],[31.81,48.945],[31.835,48.935],[31.875,48.92],[31.92,48.905],[31.91,48.885],[31.92,48.88],[31.945,48.905],[32.005,48.915],[32.025,48.93],[32.05,48.915],[32.08,48.92],[32.105,48.91],[32.145,48.91],[32.15,48.915],[32.155,48.945],[32.135,48.955],[32.135,48.965],[32.18,48.975],[32.19,48.995],[32.22,48.985],[32.24,49.06],[32.26,49.06],[32.265,49.08],[32.35,49.08],[32.365,49.07],[32.375,49.05],[32.37,49.04],[32.395,49.025],[32.42,49.03],[32.445,49.055],[32.46,49.04],[32.475,49.005],[32.495,49.015],[32.5,48.99],[32.515,48.975],[32.51,48.96],[32.52,48.94],[32.55,48.94],[32.54,48.95],[32.555,48.965],[32.57,48.955],[32.605,48.96],[32.625,48.955],[32.655,48.955],[32.675,48.96],[32.67,48.975],[32.675,48.985],[32.7,48.975],[32.725,48.975],[32.735,48.965],[32.795,48.97],[32.795,48.975],[32.845,48.98],[32.85,49.005],[32.84,49.02],[32.83,49.08],[32.845,49.09],[32.88,49.095],[32.895,49.095],[32.89,49.125],[32.855,49.13],[32.795,49.14],[32.76,49.15],[32.76,49.17],[32.805,49.21],[32.84,49.225],[32.86,49.245],[32.845,49.25],[32.81,49.25],[32.8,49.24],[32.775,49.235],[32.735,49.255],[32.71,49.26],[32.68,49.255],[32.66,49.245],[32.64,49.26],[32.605,49.255],[32.6,49.275],[32.565,49.285],[32.525,49.305],[32.505,49.31],[32.465,49.33],[32.475,49.335],[32.46,49.345],[32.475,49.355],[32.5,49.395],[32.52,49.405],[32.535,49.385],[32.6,49.375],[32.65,49.355],[32.675,49.35],[32.74,49.35],[32.74,49.375],[32.715,49.385],[32.695,49.385],[32.68,49.4],[32.68,49.425],[32.65,49.435],[32.675,49.45],[32.67,49.46],[32.67,49.485],[32.68,49.5],[32.71,49.5],[32.75,49.525],[32.75,49.56],[32.745,49.58],[32.705,49.605],[32.715,49.62],[32.705,49.635],[32.71,49.655],[32.685,49.665],[32.67,49.675],[32.655,49.685],[32.575,49.705],[32.57,49.745],[32.57,49.75],[32.555,49.775],[32.515,49.775],[32.505,49.805],[32.45,49.795],[32.435,49.82],[32.41,49.85],[32.375,49.875],[32.395,49.885],[32.4,49.875],[32.435,49.89],[32.415,49.905],[32.42,49.935],[32.43,49.96],[32.38,49.98],[32.37,50],[32.365,50.035],[32.355,50.045],[32.335,50.06],[32.315,50.04],[32.275,50.065],[32.265,50.08],[32.275,50.095],[32.25,50.115],[32.305,50.12],[32.3,50.14],[32.175,50.165],[32.155,50.19],[32.11,50.21],[32.115,50.23],[32.105,50.22],[32.085,50.22],[32.055,50.19],[32.04,50.19],[32.015,50.205],[31.99,50.185],[31.965,50.15],[31.935,50.16],[31.945,50.135],[31.96,50.14],[31.975,50.125],[31.91,50.1],[31.91,50.06],[31.925,50.06],[31.985,50.055],[31.97,50.045],[31.91,50.025],[31.92,49.96],[31.9,49.945],[31.89,49.965],[31.815,49.965],[31.815,49.96],[31.795,49.935],[31.77,49.92],[31.775,49.895],[31.75,49.895],[31.715,49.855],[31.71,49.85],[31.67,49.86],[31.615,49.855],[31.615,49.88],[31.615,49.905],[31.58,49.905],[31.58,49.895],[31.555,49.875],[31.515,49.87],[31.52,49.86],[31.475,49.865],[31.47,49.875],[31.44,49.875],[31.42,49.91],[31.425,49.935],[31.435,49.945],[31.435,49.96],[31.445,49.975],[31.42,49.99],[31.39,49.995],[31.355,49.99],[31.31,49.995],[31.295,49.975],[31.31,49.965],[31.345,49.95],[31.335,49.945],[31.36,49.925],[31.38,49.905],[31.375,49.9],[31.31,49.89],[31.29,49.885],[31.26,49.86],[31.245,49.87],[31.21,49.85],[31.22,49.83],[31.19,49.79],[31.215,49.775],[31.205,49.755],[31.22,49.735],[31.21,49.73],[31.195,49.7],[31.2,49.675],[31.155,49.63],[31.135,49.605],[31.13,49.585],[31.15,49.56],[31.14,49.55],[31.11,49.555],[31.1,49.54],[31.105,49.53],[31.095,49.515],[31.095,49.5],[31.085,49.49],[31.03,49.47],[31.005,49.45],[31.005,49.43],[30.99,49.42],[30.955,49.425],[30.92,49.415],[30.935,49.405],[30.91,49.36],[30.88,49.36],[30.87,49.35],[30.82,49.355],[30.8,49.355],[30.78,49.345],[30.75,49.345],[30.73,49.33],[30.71,49.335],[30.685,49.35],[30.66,49.36],[30.64,49.355],[30.61,49.37],[30.585,49.35],[30.57,49.355],[30.54,49.33],[30.515,49.33],[30.475,49.365],[30.435,49.35],[30.44,49.335],[30.415,49.33],[30.42,49.305],[30.395,49.3],[30.385,49.255],[30.335,49.26],[30.26,49.27],[30.255,49.27],[30.19,49.275],[30.2,49.325],[30.15,49.325],[30.13,49.315],[30.105,49.305],[30.12,49.295],[30.125,49.28],[30.11,49.27],[30.09,49.285],[30.085,49.315],[30.08,49.32],[30.03,49.335],[30.01,49.325],[30.005,49.315],[29.985,49.315],[29.945,49.3],[29.955,49.285],[29.955,49.25],[29.935,49.25],[29.91,49.215],[29.875,49.2],[29.885,49.185],[29.86,49.19],[29.82,49.18],[29.815,49.185],[29.76,49.18],[29.73,49.21],[29.745,49.22],[29.735,49.23]]]},"properties":{"shapeName":"Cherkasy Oblast","shapeISO":"UA-71","shapeID":"14850775B95678810793770","shapeType":"ADM1"}},
{"type":"Feature","geometry":{"type":"Polygon","coordinates":[[[32.115,50.23],[32.11,50.21],[32.155,50.19],[32.175,50.165],[32.3,50.14],[32.305,50.12],[32.25,50.115],[32.275,50.095],[32.265,50.08],[32.275,50.065],[32.315,50.04],[32.335,50.06],[32.355,50.045],[32.365,50.035],[32.37,50],[32.38,49.98],[32.43,49.96],[32.42,49.935],[32.415,49.905],[32.435,49.89],[32.4,49.875],[32.395,49.885],[32.375,49.875],[32.41,49.85],[32.435,49.82],[32.45,49.795],[32.505,49.805],[32.515,49.775],[32.555,49.775],[32.57,49.75],[32.57,49.745],[32.575,49.705],[32.655,49.685],[32.67,49.675],[32.685,49.665],[32.71,49.655],[32.705,49.635],[32.715,49.62],[32.705,49.605],[32.745,49.58],[32.75,49.56],[32.75,49.525],[32.71,49.5],[32.68,49.5],[32.67,49.485],[32.67,49.46],[32.675,49.45],[32.65,49.435],[32.68,49.425],[32.68,49.4],[32.695,49.385],[32.715,49.385],[32.74,49.375],[32.74,49.35],[32.675,49.35],[32.65,49.355],[32.6,49.375],[32.535,49.385],[32.52,49.405],[32.5,49.395],[32.475,49.355],[32.46,49.345],[32.475,49.335],[32.465,49.33],[32.505,49.31],[32.525,49.305],[32.565,49.285],[32.6,49.275],[32.605,49.255],[32.64,49.26],[32.66,49.245],[32.68,49.255],[32.71,49.26],[32.735,49.255],[32.775,49.235],[32.8,49.24],[32.81,49.25],[32.845,49.25],[32.86,49.245],[32.88,49.235],[32.935,49.23],[32.97,49.24],[32.985,49.24],[32.99,49.225],[32.985,49.21],[33.01,49.205],[33.035,49.185],[33.07,49.19],[33.1,49.185],[33.12,49.175],[33.12,49.165],[33.155,49.135],[33.15,49.12],[33.155,49.1],[33.185,49.095],[33.195,49.09],[33.2,49.075],[33.24,49.08],[33.25,49.09],[33.25,49.145],[33.26,49.155],[33.285,49.125],[33.305,49.12],[33.29,49.095],[33.285,49.085],[33.31,49.065],[33.33,49.035],[33.33,49.025],[33.3,49.005],[33.325,48.96],[33.32,48.95],[33.355,48.95],[33.4,48.93],[33.4,48.95],[33.415,48.955],[33.475,48.95],[33.475,48.915],[33.495,48.925],[33.535,48.93],[33.55,48.915],[33.575,48.91],[33.59,48.915],[33.61,48.94],[33.61,48.955],[33.635,48.96],[33.635,48.975],[33.665,48.98],[33.68,48.955],[33.72,48.94],[33.76,48.945],[33.79,48.94],[33.82,48.935],[33.84,48.93],[33.86,48.915],[33.895,48.9],[33.925,48.88],[33.95,48.88],[33.98,48.865],[34.01,48.865],[34.03,48.86],[34.035,48.845],[34.08,48.825],[34.105,48.825],[34.125,48.81],[34.12,48.795],[34.125,48.785],[34.15,48.775],[34.175,48.775],[34.2,48.76],[34.235,48.755],[34.245,48.745],[34.275,48.745],[34.305,48.735],[34.315,48.74],[34.31,48.765],[34.34,48.785],[34.325,48.79],[34.3,48.785],[34.295,48.82],[34.325,48.83],[34.325,48.845],[34.335,48.855],[34.34,48.87],[34.305,48.885],[34.3,48.895],[34.315,48.94],[34.355,48.985],[34.325,49],[34.33,49.01],[34.365,49.03],[34.415,49.055],[34.4,49.095],[34.46,49.065],[34.475,49.075],[34.5,49.06],[34.515,49.07],[34.545,49.055],[34.575,49.065],[34.565,49.075],[34.57,49.09],[34.59,49.095],[34.6,49.11],[34.625,49.125],[34.65,49.13],[34.66,49.12],[34.685,49.12],[34.74,49.145],[34.77,49.14],[34.76,49.165],[34.775,49.175],[34.825,49.18],[34.82,49.185],[34.855,49.19],[34.86,49.185],[34.9,49.175],[34.87,49.17],[34.87,49.16],[34.9,49.15],[34.92,49.155],[34.92,49.175],[34.945,49.19],[34.975,49.18],[35.02,49.15],[34.98,49.25],[35.005,49.3],[35.035,49.33],[35.075,49.32],[35.09,49.3],[35.125,49.305],[35.17,49.295],[35.24,49.295],[35.265,49.29],[35.29,49.295],[35.28,49.32],[35.34,49.365],[35.32,49.375],[35.34,49.39],[35.36,49.38],[35.375,49.4],[35.35,49.405],[35.365,49.445],[35.315,49.455],[35.33,49.495],[35.33,49.505],[35.46,49.485],[35.48,49.485],[35.49,49.51],[35.485,49.515],[35.43,49.525],[35.435,49.54],[35.41,49.56],[35.475,49.565],[35.485,49.57],[35.465,49.605],[35.45,49.63],[35.425,49.655],[35.42,49.67],[35.345,49.665],[35.33,49.68],[35.3,49.685],[35.265,49.685],[35.245,49.695],[35.265,49.715],[35.26,49.735],[35.225,49.735],[35.21,49.745],[35.21,49.79],[35.205,49.8],[35.215,49.815],[35.22,49.83],[35.2,49.84],[35.17,49.85],[35.14,49.86],[35.12,49.85],[35.105,49.86],[35.075,49.86],[35.05,49.87],[35.055,49.88],[35.035,49.885],[35.015,49.875],[34.98,49.89],[34.97,49.885],[34.945,49.9],[34.91,49.935],[34.895,49.93],[34.865,49.96],[34.855,49.985],[34.88,50.005],[34.9,50.03],[34.935,50.055],[34.94,50.06],[34.965,50.075],[34.955,50.095],[34.935,50.095],[34.935,50.135],[34.94,50.155],[34.9,50.16],[34.85,50.165],[34.745,50.145],[34.75,50.16],[34.735,50.16],[34.72,50.15],[34.7,50.15],[34.7,50.11],[34.655,50.11],[34.6,50.12],[34.575,50.12],[34.54,50.14],[34.525,50.155],[34.535,50.17],[34.525,50.175],[34.555,50.205],[34.57,50.225],[34.55,50.245],[34.53,50.24],[34.51,50.285],[34.465,50.29],[34.455,50.285],[34.4,50.32],[34.41,50.335],[34.39,50.345],[34.375,50.36],[34.375,50.37],[34.345,50.39],[34.29,50.415],[34.27,50.43],[34.25,50.44],[34.25,50.46],[34.255,50.49],[34.245,50.525],[34.22,50.535],[34.205,50.525],[34.17,50.525],[34.12,50.51],[34.11,50.48],[34.09,50.49],[34.105,50.505],[34.06,50.515],[34.04,50.505],[34.02,50.51],[34,50.525],[33.955,50.545],[33.915,50.515],[33.905,50.515],[33.89,50.535],[33.875,50.535],[33.82,50.515],[33.82,50.51],[33.85,50.5],[33.83,50.48],[33.79,50.48],[33.785,50.46],[33.735,50.46],[33.715,50.47],[33.635,50.48],[33.57,50.495],[33.54,50.49],[33.515,50.485],[33.5,50.5],[33.485,50.48],[33.465,50.495],[33.42,50.485],[33.415,50.5],[33.375,50.495],[33.375,50.52],[33.32,50.52],[33.315,50.535],[33.3,50.535],[33.285,50.55],[33.27,50.555],[33.245,50.54],[33.24,50.52],[33.22,50.505],[33.195,50.51],[33.18,50.52],[33.155,50.52],[33.145,50.51],[33.12,50.505],[33.1,50.515],[33.065,50.52],[33.015,50.48],[32.97,50.475],[32.98,50.465],[32.97,50.45],[32.95,50.445],[32.915,50.425],[32.915,50.41],[32.9,50.405],[32.84,50.375],[32.79,50.37],[32.795,50.345],[32.75,50.36],[32.73,50.355],[32.67,50.36],[32.67,50.37],[32.635,50.365],[32.635,50.355],[32.585,50.355],[32.56,50.36],[32.53,50.345],[32.51,50.36],[32.495,50.365],[32.495,50.395],[32.445,50.4],[32.4,50.41],[32.37,50.415],[32.365,50.425],[32.33,50.425],[32.315,50.415],[32.325,50.405],[32.295,50.4],[32.29,50.38],[32.28,50.375],[32.25,50.375],[32.265,50.35],[32.255,50.345],[32.225,50.35],[32.22,50.36],[32.145,50.35],[32.15,50.335],[32.145,50.32],[32.13,50.315],[32.14,50.305],[32.1,50.285],[32.1,50.275],[32.09,50.245],[32.115,50.23]]]},"properties":{"shapeName":"Poltava Oblast","shapeISO":"UA-53","shapeID":"14850775B18105645488844","shapeType":"ADM1"}},
{"type":"Feature","geometry":{"type":"Polygon","coordinates":[[[34.14,47.475],[34.205,47.49],[34.235,47.495],[34.3,47.52],[34.345,47.52],[34.425,47.53],[34.47,47.53],[34.53,47.555],[34.57,47.56],[34.63,47.56],[34.67,47.555],[34.735,47.54],[34.795,47.535],[34.86,47.515],[34.9,47.52],[34.945,47.53],[34.965,47.55],[34.96,47.565],[34.935,47.58],[34.94,47.6],[34.935,47.635],[34.915,47.635],[34.905,47.675],[34.94,47.675],[34.93,47.71],[34.955,47.71],[34.955,47.74],[34.965,47.74],[34.96,47.77],[34.895,47.76],[34.88,47.82],[34.905,47.83],[34.895,47.855],[34.87,47.85],[34.865,47.88],[34.815,47.865],[34.8,47.915],[34.85,47.92],[34.85,47.94],[34.875,47.94],[34.88,47.93],[34.92,47.935],[34.905,47.985],[34.87,47.98],[34.86,48.015],[34.845,48.015],[34.84,48.05],[34.875,48.055],[34.855,48.135],[34.88,48.125],[34.915,48.13],[34.91,48.115],[34.915,48.09],[34.93,48.09],[34.985,48.095],[34.99,48.09],[35.035,48.1],[35.055,48.12],[35.085,48.125],[35.105,48.13],[35.155,48.13],[35.18,48.13],[35.195,48.14],[35.22,48.145],[35.24,48.135],[35.28,48.145],[35.305,48.14],[35.34,48.125],[35.38,48.12],[35.415,48.11],[35.42,48.1],[35.45,48.105],[35.485,48.095],[35.52,48.095],[35.525,48.075],[35.555,48.085],[35.68,48.13],[35.705,48.14],[35.745,48.095],[35.785,48.095],[35.805,48.1],[35.815,48.065],[35.92,48.08],[35.965,48.095],[35.985,48.085],[35.97,48.075],[35.99,48.06],[35.975,48.045],[36.05,48.06],[36.065,48.025],[36.035,48.02],[36.04,48.005],[36.06,48],[36.085,47.93],[36.11,47.94],[36.11,47.925],[36.13,47.9],[36.13,47.89],[36.115,47.87],[36.085,47.86],[36.08,47.885],[36.055,47.88],[36.07,47.865],[36.075,47.85],[36.095,47.85],[36.1,47.845],[36.18,47.85],[36.2,47.835],[36.265,47.835],[36.275,47.815],[36.33,47.82],[36.325,47.84],[36.375,47.84],[36.375,47.83],[36.42,47.83],[36.45,47.825],[36.525,47.83],[36.52,47.835],[36.585,47.845],[36.575,47.88],[36.55,47.875],[36.54,47.905],[36.59,47.91],[36.59,47.92],[36.62,47.915],[36.64,47.92],[36.63,47.96],[36.585,47.955],[36.575,48],[36.59,48.02],[36.575,48.04],[36.585,48.05],[36.585,48.075],[36.61,48.09],[36.645,48.085],[36.655,48.095],[36.71,48.08],[36.74,48.07],[36.745,48.05],[36.76,48.055],[36.795,48.05],[36.835,48.035],[36.855,48.035],[36.86,48.05],[36.88,48.065],[36.895,48.08],[36.875,48.185],[36.915,48.195],[36.935,48.195],[36.91,48.31],[36.875,48.305],[36.87,48.315],[36.815,48.315],[36.81,48.35],[36.815,48.365],[36.83,48.37],[36.82,48.405],[36.835,48.42],[36.835,48.445],[36.83,48.485],[36.855,48.485],[36.85,48.52],[36.905,48.52],[36.9,48.545],[36.885,48.54],[36.87,48.55],[36.86,48.57],[36.825,48.57],[36.79,48.565],[36.78,48.6],[36.745,48.595],[36.74,48.625],[36.705,48.62],[36.67,48.625],[36.655,48.61],[36.59,48.605],[36.58,48.615],[36.56,48.625],[36.485,48.665],[36.42,48.61],[36.38,48.57],[36.39,48.565],[36.355,48.54],[36.325,48.555],[36.295,48.53],[36.27,48.545],[36.32,48.585],[36.25,48.62],[36.27,48.635],[36.265,48.65],[36.28,48.655],[36.26,48.665],[36.145,48.725],[36.16,48.75],[36.14,48.765],[36.16,48.77],[36.16,48.785],[36.13,48.805],[36.075,48.81],[36.065,48.81],[36.075,48.835],[36.055,48.845],[36.04,48.845],[36.02,48.855],[36.04,48.875],[36.01,48.89],[36.045,48.915],[35.995,48.94],[36.005,48.945],[35.975,48.96],[35.99,48.97],[35.94,49],[35.935,48.98],[35.915,48.97],[35.885,48.975],[35.88,48.965],[35.855,48.96],[35.855,48.945],[35.83,48.95],[35.815,48.93],[35.79,48.935],[35.8,48.945],[35.76,48.955],[35.74,48.95],[35.74,48.96],[35.725,48.965],[35.71,48.945],[35.69,48.95],[35.695,48.965],[35.65,48.975],[35.63,48.97],[35.63,48.985],[35.595,48.985],[35.565,48.975],[35.51,48.98],[35.485,48.975],[35.46,49],[35.435,49.005],[35.43,49.015],[35.41,49.01],[35.38,49.035],[35.34,49.05],[35.335,49.06],[35.3,49.07],[35.31,49.09],[35.27,49.095],[35.255,49.115],[35.22,49.105],[35.195,49.11],[35.21,49.125],[35.19,49.145],[35.21,49.155],[35.19,49.165],[35.16,49.16],[35.145,49.15],[35.12,49.16],[35.085,49.15],[35.06,49.175],[35.045,49.155],[35.02,49.15],[34.975,49.18],[34.945,49.19],[34.92,49.175],[34.92,49.155],[34.9,49.15],[34.87,49.16],[34.87,49.17],[34.9,49.175],[34.86,49.185],[34.855,49.19],[34.82,49.185],[34.825,49.18],[34.775,49.175],[34.76,49.165],[34.77,49.14],[34.74,49.145],[34.685,49.12],[34.66,49.12],[34.65,49.13],[34.625,49.125],[34.6,49.11],[34.59,49.095],[34.57,49.09],[34.565,49.075],[34.575,49.065],[34.545,49.055],[34.515,49.07],[34.5,49.06],[34.475,49.075],[34.46,49.065],[34.4,49.095],[34.415,49.055],[34.365,49.03],[34.33,49.01],[34.325,49],[34.355,48.985],[34.315,48.94],[34.3,48.895],[34.305,48.885],[34.34,48.87],[34.335,48.855],[34.325,48.845],[34.325,48.83],[34.295,48.82],[34.3,48.785],[34.325,48.79],[34.34,48.785],[34.31,48.765],[34.315,48.74],[34.305,48.735],[34.275,48.745],[34.245,48.745],[34.235,48.755],[34.2,48.76],[34.175,48.775],[34.15,48.775],[34.125,48.785],[34.12,48.795],[34.125,48.81],[34.105,48.825],[34.08,48.825],[34.035,48.845],[34.03,48.86],[34.01,48.865],[33.98,48.865],[33.95,48.88],[33.925,48.88],[33.895,48.9],[33.875,48.84],[33.86,48.835],[33.85,48.805],[33.85,48.77],[33.83,48.77],[33.82,48.775],[33.81,48.805],[33.795,48.795],[33.77,48.8],[33.725,48.79],[33.72,48.81],[33.705,48.815],[33.69,48.81],[33.675,48.815],[33.66,48.795],[33.62,48.79],[33.6,48.8],[33.585,48.795],[33.585,48.78],[33.58,48.765],[33.595,48.75],[33.61,48.75],[33.62,48.73],[33.65,48.72],[33.68,48.725],[33.73,48.69],[33.745,48.695],[33.755,48.68],[33.805,48.69],[33.8,48.665],[33.755,48.655],[33.765,48.625],[33.74,48.615],[33.7,48.605],[33.66,48.585],[33.65,48.6],[33.61,48.6],[33.625,48.565],[33.59,48.56],[33.585,48.575],[33.51,48.57],[33.505,48.56],[33.48,48.56],[33.47,48.535],[33.49,48.44],[33.485,48.405],[33.495,48.395],[33.47,48.39],[33.46,48.35],[33.48,48.35],[33.475,48.33],[33.505,48.335],[33.52,48.33],[33.51,48.29],[33.53,48.275],[33.535,48.25],[33.545,48.235],[33.525,48.22],[33.5,48.23],[33.495,48.2],[33.48,48.195],[33.43,48.19],[33.43,48.17],[33.36,48.165],[33.355,48.16],[33.315,48.16],[33.29,48.15],[33.315,48.12],[33.29,48.1],[33.275,48.105],[33.27,48.155],[33.245,48.15],[33.245,48.175],[33.215,48.17],[33.215,48.15],[33.225,48.15],[33.23,48.125],[33.22,48.12],[33.18,48.12],[33.185,48.105],[33.22,48.11],[33.225,48.09],[33.155,48.085],[33.14,48.075],[33.145,48.065],[33.105,48.055],[33.105,48.04],[33.035,48.035],[33.035,48.015],[33.02,47.985],[33.005,47.99],[32.995,47.985],[33.01,47.935],[32.995,47.935],[33.005,47.915],[33.015,47.91],[33.08,47.92],[33.085,47.885],[33.07,47.885],[33.075,47.86],[33.06,47.86],[33.055,47.83],[33.065,47.785],[33.05,47.78],[33.055,47.76],[33.065,47.76],[33.07,47.74],[33.01,47.73],[33.01,47.725],[32.97,47.725],[32.995,47.63],[33.01,47.615],[32.96,47.6],[32.96,47.59],[33.095,47.595],[33.095,47.58],[33.175,47.57],[33.235,47.57],[33.23,47.555],[33.22,47.55],[33.225,47.53],[33.24,47.53],[33.275,47.545],[33.285,47.545],[33.28,47.52],[33.285,47.51],[33.31,47.5],[33.315,47.485],[33.35,47.495],[33.33,47.51],[33.325,47.525],[33.485,47.545],[33.475,47.585],[33.58,47.6],[33.59,47.575],[33.595,47.545],[33.58,47.53],[33.59,47.5],[33.605,47.51],[33.635,47.515],[33.645,47.485],[33.94,47.515],[33.945,47.5],[33.95,47.46],[33.955,47.46],[34.005,47.455],[34.075,47.47],[34.14,47.475]]]},"properties":{"shapeName":"Dnipropetrovsk Oblast","shapeISO":"UA-12","shapeID":"14850775B41808765507575","shapeType":"ADM1"}},
{"type":"Feature","geometry":{"type":"Polygon","coordinates":[[[30.305,48.14],[30.325,48.145],[30.325,48.155],[30.365,48.175],[30.415,48.165],[30.435,48.175],[30.47,48.165],[30.49,48.17],[30.505,48.16],[30.525,48.18],[30.555,48.165],[30.555,48.155],[30.615,48.155],[30.62,48.165],[30.655,48.17],[30.645,48.185],[30.685,48.19],[30.715,48.195],[30.72,48.185],[30.785,48.19],[30.79,48.17],[30.815,48.17],[30.82,48.18],[30.85,48.185],[30.855,48.16],[30.885,48.165],[30.93,48.165],[30.93,48.185],[30.96,48.18],[30.99,48.185],[30.98,48.22],[31.055,48.23],[31.055,48.22],[31.135,48.23],[31.14,48.22],[31.165,48.22],[31.19,48.195],[31.185,48.18],[31.2,48.17],[31.22,48.17],[31.235,48.115],[31.325,48.14],[31.33,48.115],[31.37,48.12],[31.39,48.13],[31.395,48.11],[31.42,48.11],[31.42,48.12],[31.485,48.13],[31.5,48.085],[31.475,48.085],[31.47,48.065],[31.51,48.07],[31.55,48.07],[31.54,48.11],[31.56,48.11],[31.585,48.105],[31.58,48.13],[31.635,48.135],[31.645,48.115],[31.68,48.12],[31.685,48.115],[31.695,48.095],[31.765,48.1],[31.785,48.04],[31.73,48.035],[31.75,47.945],[31.775,47.955],[31.845,47.965],[31.855,47.915],[31.875,47.91],[31.885,47.895],[31.89,47.865],[31.855,47.865],[31.855,47.84],[31.87,47.82],[31.825,47.815],[31.84,47.78],[31.965,47.8],[31.96,47.81],[32.015,47.815],[32.055,47.815],[32.06,47.805],[32.075,47.805],[32.09,47.78],[32.11,47.785],[32.115,47.755],[32.145,47.75],[32.23,47.76],[32.225,47.79],[32.24,47.795],[32.235,47.815],[32.3,47.825],[32.33,47.81],[32.34,47.8],[32.365,47.79],[32.385,47.8],[32.415,47.795],[32.43,47.79],[32.625,47.815],[32.66,47.82],[32.665,47.84],[32.675,47.84],[32.665,47.87],[32.685,47.875],[32.675,47.905],[32.655,47.905],[32.65,47.92],[32.745,47.93],[32.735,47.95],[32.695,47.945],[32.69,47.98],[32.78,47.99],[32.795,47.99],[32.81,47.98],[32.865,47.985],[32.895,47.985],[32.88,48.03],[32.915,48.03],[32.945,48.04],[32.95,48.035],[32.99,48.05],[33.005,47.99],[33.02,47.985],[33.035,48.015],[33.035,48.035],[33.105,48.04],[33.105,48.055],[33.145,48.065],[33.14,48.075],[33.155,48.085],[33.225,48.09],[33.22,48.11],[33.185,48.105],[33.18,48.12],[33.22,48.12],[33.23,48.125],[33.225,48.15],[33.215,48.15],[33.215,48.17],[33.245,48.175],[33.245,48.15],[33.27,48.155],[33.275,48.105],[33.29,48.1],[33.315,48.12],[33.29,48.15],[33.315,48.16],[33.355,48.16],[33.36,48.165],[33.43,48.17],[33.43,48.19],[33.48,48.195],[33.495,48.2],[33.5,48.23],[33.525,48.22],[33.545,48.235],[33.535,48.25],[33.53,48.275],[33.51,48.29],[33.52,48.33],[33.505,48.335],[33.475,48.33],[33.48,48.35],[33.46,48.35],[33.47,48.39],[33.495,48.395],[33.485,48.405],[33.49,48.44],[33.47,48.535],[33.48,48.56],[33.505,48.56],[33.51,48.57],[33.585,48.575],[33.59,48.56],[33.625,48.565],[33.61,48.6],[33.65,48.6],[33.66,48.585],[33.7,48.605],[33.74,48.615],[33.765,48.625],[33.755,48.655],[33.8,48.665],[33.805,48.69],[33.755,48.68],[33.745,48.695],[33.73,48.69],[33.68,48.725],[33.65,48.72],[33.62,48.73],[33.61,48.75],[33.595,48.75],[33.58,48.765],[33.585,48.78],[33.585,48.795],[33.6,48.8],[33.62,48.79],[33.66,48.795],[33.675,48.815],[33.69,48.81],[33.705,48.815],[33.72,48.81],[33.725,48.79],[33.77,48.8],[33.795,48.795],[33.81,48.805],[33.82,48.775],[33.83,48.77],[33.85,48.77],[33.85,48.805],[33.86,48.835],[33.875,48.84],[33.895,48.9],[33.86,48.915],[33.84,48.93],[33.82,48.935],[33.79,48.94],[33.76,48.945],[33.72,48.94],[33.68,48.955],[33.665,48.98],[33.635,48.975],[33.635,48.96],[33.61,48.955],[33.61,48.94],[33.59,48.915],[33.575,48.91],[33.55,48.915],[33.535,48.93],[33.495,48.925],[33.475,48.915],[33.475,48.95],[33.415,48.955],[33.4,48.95],[33.4,48.93],[33.355,48.95],[33.32,48.95],[33.325,48.96],[33.3,49.005],[33.33,49.025],[33.33,49.035],[33.31,49.065],[33.285,49.085],[33.29,49.095],[33.305,49.12],[33.285,49.125],[33.26,49.155],[33.25,49.145],[33.25,49.09],[33.24,49.08],[33.2,49.075],[33.195,49.09],[33.185,49.095],[33.155,49.1],[33.15,49.12],[33.155,49.135],[33.12,49.165],[33.12,49.175],[33.1,49.185],[33.07,49.19],[33.035,49.185],[33.01,49.205],[32.985,49.21],[32.99,49.225],[32.985,49.24],[32.97,49.24],[32.935,49.23],[32.88,49.235],[32.86,49.245],[32.84,49.225],[32.805,49.21],[32.76,49.17],[32.76,49.15],[32.795,49.14],[32.855,49.13],[32.89,49.125],[32.895,49.095],[32.88,49.095],[32.845,49.09],[32.83,49.08],[32.84,49.02],[32.85,49.005],[32.845,48.98],[32.795,48.975],[32.795,48.97],[32.735,48.965],[32.725,48.975],[32.7,48.975],[32.675,48.985],[32.67,48.975],[32.675,48.96],[32.655,48.955],[32.625,48.955],[32.605,48.96],[32.57,48.955],[32.555,48.965],[32.54,48.95],[32.55,48.94],[32.52,48.94],[32.51,48.96],[32.515,48.975],[32.5,48.99],[32.495,49.015],[32.475,49.005],[32.46,49.04],[32.445,49.055],[32.42,49.03],[32.395,49.025],[32.37,49.04],[32.375,49.05],[32.365,49.07],[32.35,49.08],[32.265,49.08],[32.26,49.06],[32.24,49.06],[32.22,48.985],[32.19,48.995],[32.18,48.975],[32.135,48.965],[32.135,48.955],[32.155,48.945],[32.15,48.915],[32.145,48.91],[32.105,48.91],[32.08,48.92],[32.05,48.915],[32.025,48.93],[32.005,48.915],[31.945,48.905],[31.92,48.88],[31.91,48.885],[31.92,48.905],[31.875,48.92],[31.835,48.935],[31.81,48.945],[31.77,48.935],[31.75,48.925],[31.725,48.935],[31.7,48.93],[31.7,48.92],[31.69,48.895],[31.655,48.9],[31.64,48.91],[31.62,48.905],[31.6,48.895],[31.595,48.905],[31.58,48.915],[31.57,48.89],[31.58,48.88],[31.56,48.865],[31.565,48.855],[31.555,48.835],[31.56,48.83],[31.525,48.815],[31.53,48.805],[31.47,48.79],[31.425,48.765],[31.405,48.74],[31.385,48.745],[31.385,48.73],[31.355,48.73],[31.33,48.725],[31.315,48.735],[31.315,48.755],[31.3,48.76],[31.26,48.75],[31.25,48.765],[31.22,48.77],[31.205,48.755],[31.175,48.76],[31.155,48.745],[31.065,48.74],[31.06,48.755],[31.02,48.76],[31.005,48.755],[30.995,48.765],[30.975,48.76],[30.905,48.76],[30.9,48.75],[30.805,48.76],[30.755,48.77],[30.75,48.76],[30.72,48.76],[30.7,48.77],[30.64,48.75],[30.625,48.74],[30.61,48.72],[30.575,48.72],[30.61,48.7],[30.595,48.665],[30.55,48.655],[30.53,48.63],[30.57,48.605],[30.565,48.58],[30.565,48.565],[30.54,48.57],[30.53,48.565],[30.485,48.57],[30.475,48.565],[30.455,48.585],[30.405,48.575],[30.39,48.545],[30.385,48.525],[30.325,48.52],[30.31,48.51],[30.255,48.505],[30.255,48.49],[30.22,48.48],[30.165,48.505],[30.15,48.5],[30.155,48.485],[30.13,48.47],[30.115,48.45],[30.09,48.46],[30.05,48.485],[30,48.48],[29.97,48.47],[29.955,48.465],[29.95,48.45],[29.865,48.425],[29.87,48.415],[29.785,48.37],[29.805,48.36],[29.805,48.33],[29.785,48.33],[29.78,48.315],[29.75,48.29],[29.775,48.27],[29.77,48.255],[29.785,48.245],[29.77,48.225],[29.78,48.21],[29.795,48.2],[29.84,48.21],[29.86,48.205],[29.875,48.19],[29.89,48.185],[29.93,48.235],[29.97,48.22],[29.99,48.22],[30.01,48.21],[30,48.185],[30.02,48.185],[30.035,48.18],[30.045,48.155],[30.105,48.14],[30.135,48.15],[30.165,48.145],[30.19,48.155],[30.245,48.14],[30.26,48.15],[30.285,48.14],[30.305,48.14]]]},"properties":{"shapeName":"Kirovohrad Oblast","shapeISO":"UA-35","shapeID":"14850775B64193679462794","shapeType":"ADM1"}},
{"type":"Feature","geometry":{"type":"Polygon","coordinates":[[[30.83,50.405],[30.795,50.415],[30.8,50.425],[30.745,50.46],[30.755,50.46],[30.745,50.48],[30.755,50.49],[30.74,50.5],[30.76,50.51],[30.755,50.52],[30.815,50.535],[30.815,50.565],[30.79,50.575],[30.77,50.575],[30.725,50.59],[30.71,50.57],[30.695,50.56],[30.665,50.55],[30.65,50.535],[30.595,50.535],[30.555,50.54],[30.555,50.53],[30.57,50.52],[30.55,50.515],[30.53,50.535],[30.495,50.55],[30.49,50.57],[30.465,50.57],[30.445,50.585],[30.37,50.585],[30.37,50.575],[30.34,50.575],[30.31,50.555],[30.3,50.53],[30.265,50.52],[30.27,50.505],[30.25,50.485],[30.26,50.47],[30.24,50.45],[30.235,50.43],[30.27,50.425],[30.28,50.445],[30.315,50.44],[30.36,50.445],[30.37,50.42],[30.395,50.405],[30.42,50.4],[30.445,50.38],[30.43,50.37],[30.44,50.355],[30.47,50.36],[30.475,50.335],[30.49,50.335],[30.535,50.315],[30.53,50.29],[30.545,50.29],[30.54,50.275],[30.555,50.26],[30.575,50.26],[30.585,50.245],[30.595,50.215],[30.645,50.225],[30.635,50.245],[30.61,50.28],[30.64,50.28],[30.645,50.3],[30.615,50.34],[30.615,50.36],[30.645,50.365],[30.675,50.36],[30.695,50.345],[30.71,50.35],[30.705,50.365],[30.72,50.385],[30.745,50.37],[30.775,50.375],[30.79,50.395],[30.82,50.39],[30.83,50.405]]]},"properties":{"shapeName":"Kyiv","shapeISO":"UA-30","shapeID":"14850775B22712718081002","shapeType":"ADM1"}},
{"type":"Feature","geometry":{"type":"Polygon","coordinates":[[[33.295,44.94],[33.27,44.9],[33.25,44.85],[33.245,44.82],[33.24,44.795],[33.245,44.765],[33.195,44.74],[33.165,44.72],[33.14,44.695],[33.12,44.67],[33.105,44.645],[33.095,44.62],[33.09,44.59],[33.09,44.56],[33.1,44.535],[33.11,44.505],[33.125,44.48],[33.15,44.455],[33.175,44.435],[33.21,44.415],[33.24,44.375],[33.265,44.355],[33.295,44.335],[33.33,44.32],[33.365,44.305],[33.42,44.295],[33.445,44.275],[33.48,44.26],[33.51,44.245],[33.565,44.23],[33.62,44.21],[33.695,44.19],[33.76,44.39],[33.825,44.41],[33.845,44.415],[33.925,44.425],[33.89,44.48],[33.845,44.52],[33.855,44.525],[33.835,44.54],[33.825,44.57],[33.79,44.585],[33.78,44.615],[33.745,44.605],[33.735,44.6],[33.715,44.62],[33.715,44.635],[33.755,44.665],[33.755,44.675],[33.775,44.69],[33.75,44.7],[33.725,44.715],[33.675,44.71],[33.66,44.715],[33.615,44.71],[33.615,44.75],[33.63,44.75],[33.685,44.77],[33.675,44.785],[33.665,44.795],[33.605,44.81],[33.585,44.81],[33.565,44.84],[33.555,44.84],[33.295,44.94]]]},"properties":{"shapeName":"Sevastopol","shapeISO":"UA-40","shapeID":"14850775B70667807354554","shapeType":"ADM1"}}
]}